NM_LIVRO,NM_GENERO,NM_AUTOR,NM_EDITORA,NR_VALOR_VENDA,NM_LIVRARIA,NR_UNIDADES_VENDIDAS
Futuro Agora: Revolução Digital,Tecnologia,Maria Oliveira,Editora Rocco,109.56,Livraria Fnac,48
Aventuras Mágicas: A Fada e o Dragão,Infantil,Juliana Rocha,Editora Globo,20.89,Livraria Fnac,289
O Mistério de Londres,Suspense,Carlos Souza,Editora Globo,61.97,Livraria Fnac,40
O Feitiço da Chama,Fantasia,Sofia Almeida,Companhia das Letras,93.31,Livraria Cultura,340
Aventuras Mágicas: O Segredo da Floresta Encantada,Infantil,Carlos Souza,Editora Sextante,99.76,Livraria Cultura,110
Os Guerreiros do Passado,História,Lucas Lima,Editora Record,20.16,Livraria Lecos,503
O Horizonte Proibido,Ficção,João Silva,Editora Sextante,38.96,Livraria Cultura,482
O Mistério de Moscou,Suspense,Thiago Fernandes,Intrínseca,58.97,Livraria Fnac,26
A Última Fronteira,Ficção,Gustavo Ribeiro,Companhia das Letras,54.72,Livraria Cultura,11
O Feitiço da Chama,Fantasia,Lucas Lima,Companhia das Letras,68.65,Livraria Lecos,8
Amor Eterno: A Noite das Estrelas,Romance,Sofia Almeida,Editora Rocco,45.46,Livraria Martins Fontes,103
Os Olhos da Noite,Terror,Gustavo Ribeiro,Editora Planeta,32.88,Livraria Fnac,51
Aventuras Mágicas: A Fada e o Dragão,Infantil,Sofia Almeida,Intrínseca,52.74,Livraria da Travessa,2
Futuro Agora: Conectando o Mundo,Tecnologia,Carla Dias,Companhia das Letras,13.83,Livraria Cultura,755
O Feitiço da Sombra,Fantasia,Carla Dias,Intrínseca,109.3,Livraria Cultura,2
Aventuras Mágicas: O Segredo da Floresta Encantada,Infantil,João Silva,Editora Record,12.98,Livraria da Travessa,0
Aventuras Mágicas: O Reino do Arco-Íris,Infantil,Carla Dias,Intrínseca,36.06,Livraria Fnac,0
Aventura Radical: Em Busca do Tesouro Perdido,Aventura,Maria Oliveira,Editora Record,82.27,Livraria Martins Fontes,14
Vida Incrível: O Legado de uma Lenda,Biografia,Beatriz Nunes,Editora Sextante,51.1,Livraria Fnac,8
A Última Fronteira,Ficção,João Silva,Editora Record,21.25,Livraria da Travessa,12
Revolução Científica: Explorando o Infinito,Ciência,Maria Oliveira,Editora Sextante,40.98,Livraria Fnac,4
A Última Fronteira,Ficção,Gustavo Ribeiro,Editora Planeta,18.77,Livraria Martins Fontes,17
Amor Eterno: Entre Nós,Romance,Fernanda Costa,Editora Rocco,156.16,Livraria Fnac,249
Amor Eterno: Entre Nós,Romance,Sofia Almeida,Editora Record,44.17,Livraria Martins Fontes,5
Vida Incrível: Histórias de Superação,Biografia,Lucas Lima,Editora Record,27.04,Livraria Cultura,14
A Última Fronteira,Ficção,Ana Pereira,Editora Planeta,88.95,Livraria Lecos,135
O Mistério de Nova York,Suspense,Pedro Martins,Editora Planeta,101.44,Livraria Saraiva,30
A Última Batalha,História,Sofia Almeida,Editora Rocco,29.25,Livraria Fnac,91
Futuro Agora: Conectando o Mundo,Tecnologia,Pedro Martins,Companhia das Letras,73.34,Livraria Fnac,172
O Mistério de Moscou,Suspense,Ana Pereira,Companhia das Letras,32.46,Livraria Martins Fontes,0
O Feitiço da Estrela,Fantasia,Juliana Rocha,Intrínseca,21.02,Livraria Lecos,15
Amor Eterno: A Noite das Estrelas,Romance,João Silva,Editora Globo,8.3,Livraria da Travessa,171
O Feitiço da Lua,Fantasia,Carlos Souza,Editora Sextante,33.78,Livraria Lecos,15
Aventura Radical: Em Busca do Tesouro Perdido,Aventura,Rafael Gomes,Editora Globo,25.75,Livraria Saraiva,161
Os Olhos da Noite,Terror,Lucas Lima,Editora Rocco,11.5,Livraria Cultura,266
Revolução Científica: Mistérios do Universo,Ciência,Carla Dias,Intrínseca,16.85,Livraria Fnac,36
Futuro Agora: Inteligência Artificial,Tecnologia,Maria Oliveira,Editora Sextante,122.62,Livraria da Travessa,56
O Feitiço da Sombra,Fantasia,João Silva,Editora Record,68.88,Livraria da Travessa,11
O Feitiço da Montanha,Fantasia,Maria Oliveira,Editora Sextante,21.6,Livraria Saraiva,2
Aventuras Mágicas: O Reino do Arco-Íris,Infantil,Juliana Rocha,Editora Rocco,21.19,Livraria Martins Fontes,227
Revolução Científica: O Enigma da Matéria,Ciência,Carla Dias,Editora Planeta,11.05,Livraria Cultura,263
Nos Bastidores da História,História,Pedro Martins,Editora Sextante,141.93,Livraria Cultura,0
O Mistério de Londres,Suspense,Juliana Rocha,Editora Globo,34.53,Livraria Martins Fontes,27
Vida Incrível: Passos para a Eternidade,Biografia,Maria Oliveira,Intrínseca,19.17,Livraria Lecos,60
Amor Eterno: Entre Nós,Romance,Rafael Gomes,Editora Sextante,56.24,Livraria Cultura,10
Aventura Radical: Em Busca do Tesouro Perdido,Aventura,Juliana Rocha,Intrínseca,32.24,Livraria Fnac,50
Aventuras Mágicas: O Segredo da Floresta Encantada,Infantil,Thiago Fernandes,Editora Record,35.43,Livraria Fnac,3
Futuro Agora: Conectando o Mundo,Tecnologia,Carla Dias,Intrínseca,50.39,Livraria da Travessa,229
Vida Incrível: Histórias de Superação,Biografia,Sofia Almeida,Editora Planeta,92.75,Livraria da Travessa,46
Vida Incrível: O Legado de uma Lenda,Biografia,Carlos Souza,Editora Record,45.5,Livraria Saraiva,22
O Feitiço da Chama,Fantasia,Lucas Lima,Editora Sextante,47.03,Livraria Martins Fontes,0
Desperte Seu Poder: Vença o Medo,Autoajuda,Fernanda Costa,Intrínseca,42.89,Livraria Saraiva,63
Desperte Seu Poder: Caminhos para a Felicidade,Autoajuda,Carlos Souza,Editora Planeta,53.63,Livraria da Travessa,62
Os Guerreiros do Passado,História,Beatriz Nunes,Editora Record,18.41,Livraria Martins Fontes,322
Amor Eterno: A Noite das Estrelas,Romance,Lucas Lima,Editora Planeta,27.98,Livraria Fnac,1154
A Última Fronteira,Ficção,Rafael Gomes,Editora Sextante,17.91,Livraria Fnac,0
Desperte Seu Poder: Vença o Medo,Autoajuda,Pedro Martins,Editora Rocco,4.6,Livraria Cultura,17
Aventuras Mágicas: O Reino do Arco-Íris,Infantil,Thiago Fernandes,Editora Rocco,51.83,Livraria Cultura,56
Aventuras Mágicas: A Fada e o Dragão,Infantil,Rafael Gomes,Editora Record,67.39,Livraria da Travessa,2
A Casa das Sombras,Terror,Pedro Martins,Editora Planeta,12.43,Livraria Fnac,93
Desperte Seu Poder: Vença o Medo,Autoajuda,Maria Oliveira,Editora Globo,272.73,Livraria Martins Fontes,17
Aventura Radical: Viagem ao Centro da Terra,Aventura,Gustavo Ribeiro,Intrínseca,82.41,Livraria da Travessa,0
O Horizonte Proibido,Ficção,Ana Pereira,Companhia das Letras,55.53,Livraria Saraiva,0
Desperte Seu Poder: Caminhos para a Felicidade,Autoajuda,Gustavo Ribeiro,Editora Record,77.12,Livraria Saraiva,0
Revolução Científica: O Enigma da Matéria,Ciência,Juliana Rocha,Editora Rocco,4.96,Livraria Martins Fontes,72
O Horizonte Proibido,Ficção,Pedro Martins,Editora Record,14.18,Livraria Fnac,141
O Feitiço da Lua,Fantasia,Carlos Souza,Intrínseca,15.68,Livraria da Travessa,231
Aventuras Mágicas: A Fada e o Dragão,Infantil,Lucas Lima,Intrínseca,44.99,Livraria Lecos,213
Aventura Radical: Em Busca do Tesouro Perdido,Aventura,Juliana Rocha,Intrínseca,82.03,Livraria Martins Fontes,0
Os Guerreiros do Passado,História,Gustavo Ribeiro,Editora Rocco,29.95,Livraria Saraiva,4
Revolução Científica: O Enigma da Matéria,Ciência,Fernanda Costa,Companhia das Letras,87.69,Livraria Cultura,242
A Casa das Sombras,Terror,Maria Oliveira,Editora Record,19.22,Livraria Lecos,2
Aventuras Mágicas: A Fada e o Dragão,Infantil,Beatriz Nunes,Editora Globo,66.66,Livraria Lecos,102
Vida Incrível: Histórias de Superação,Biografia,Juliana Rocha,Editora Sextante,18.42,Livraria Fnac,359
A Casa das Sombras,Terror,Carlos Souza,Intrínseca,31.99,Livraria Lecos,43
Os Guerreiros do Passado,História,Carlos Souza,Intrínseca,11.17,Livraria Lecos,23
A Última Fronteira,Ficção,Carla Dias,Intrínseca,69.89,Livraria Fnac,104
A Última Batalha,História,Carla Dias,Editora Sextante,99.89,Livraria Saraiva,18
Vida Incrível: Passos para a Eternidade,Biografia,Fernanda Costa,Editora Globo,26.19,Livraria da Travessa,358
O Horizonte Proibido,Ficção,Carlos Souza,Editora Record,27.22,Livraria Martins Fontes,9
Aventura Radical: Os Mistérios do Deserto,Aventura,João Silva,Editora Globo,23.3,Livraria da Travessa,161
Revolução Científica: Explorando o Infinito,Ciência,Rafael Gomes,Editora Globo,64.18,Livraria Cultura,214
Os Guerreiros do Passado,História,João Silva,Companhia das Letras,24.92,Livraria Cultura,0
Vida Incrível: Passos para a Eternidade,Biografia,Thiago Fernandes,Editora Record,26.22,Livraria da Travessa,115
Os Guerreiros do Passado,História,João Silva,Editora Rocco,17.23,Livraria Martins Fontes,211
Futuro Agora: Conectando o Mundo,Tecnologia,Beatriz Nunes,Editora Record,115.09,Livraria Lecos,0
Aventura Radical: Os Mistérios do Deserto,Aventura,Sofia Almeida,Companhia das Letras,44.7,Livraria Martins Fontes,479
O Feitiço da Montanha,Fantasia,Beatriz Nunes,Companhia das Letras,30.89,Livraria Saraiva,10
Revolução Científica: Explorando o Infinito,Ciência,Juliana Rocha,Editora Planeta,40.0,Livraria Saraiva,396
Futuro Agora: Revolução Digital,Tecnologia,Thiago Fernandes,Editora Sextante,79.78,Livraria Cultura,51
Revolução Científica: Explorando o Infinito,Ciência,Pedro Martins,Editora Sextante,23.91,Livraria Martins Fontes,1
Nos Bastidores da História,História,João Silva,Intrínseca,32.37,Livraria da Travessa,210
Vida Incrível: O Legado de uma Lenda,Biografia,Sofia Almeida,Editora Sextante,9.6,Livraria Lecos,622
Aventuras Mágicas: A Fada e o Dragão,Infantil,Thiago Fernandes,Companhia das Letras,23.06,Livraria Lecos,96
Além do Infinito,Ficção,Maria Oliveira,Editora Sextante,13.46,Livraria da Travessa,53
A Última Fronteira,Ficção,Beatriz Nunes,Editora Record,325.52,Livraria Martins Fontes,0
A Última Batalha,História,Carla Dias,Editora Globo,81.26,Livraria Saraiva,2
Desperte Seu Poder: Vença o Medo,Autoajuda,Rafael Gomes,Editora Globo,11.2,Livraria da Travessa,22
O Feitiço da Estrela,Fantasia,Lucas Lima,Editora Rocco,39.86,Livraria Martins Fontes,79
O Mistério de Nova York,Suspense,Beatriz Nunes,Editora Planeta,34.21,Livraria da Travessa,82
Amor Eterno: A Noite das Estrelas,Romance,Carla Dias,Editora Sextante,24.44,Livraria Saraiva,0
Aventura Radical: Viagem ao Centro da Terra,Aventura,Carlos Souza,Editora Record,12.4,Livraria Fnac,73
Revolução Científica: Explorando o Infinito,Ciência,Thiago Fernandes,Editora Planeta,9.55,Livraria Cultura,0
Além do Infinito,Ficção,Carlos Souza,Editora Sextante,69.59,Livraria Fnac,594
Nos Bastidores da História,História,Lucas Lima,Intrínseca,49.3,Livraria Fnac,217
A Casa das Sombras,Terror,Carla Dias,Intrínseca,36.14,Livraria Martins Fontes,701
Revolução Científica: Explorando o Infinito,Ciência,Juliana Rocha,Editora Globo,51.46,Livraria Fnac,89
A Casa das Sombras,Terror,Thiago Fernandes,Editora Rocco,14.99,Livraria Cultura,44
O Feitiço da Estrela,Fantasia,João Silva,Editora Planeta,28.76,Livraria da Travessa,0
O Feitiço da Sombra,Fantasia,Beatriz Nunes,Editora Sextante,19.13,Livraria Lecos,0
Vida Incrível: O Legado de uma Lenda,Biografia,Beatriz Nunes,Editora Planeta,18.57,Livraria Cultura,22
Desperte Seu Poder: Caminhos para a Felicidade,Autoajuda,Lucas Lima,Editora Rocco,87.78,Livraria da Travessa,13
Aventura Radical: Viagem ao Centro da Terra,Aventura,Lucas Lima,Editora Planeta,353.27,Livraria Fnac,8
Aventura Radical: Viagem ao Centro da Terra,Aventura,Maria Oliveira,Companhia das Letras,29.49,Livraria da Travessa,8
Aventuras Mágicas: O Reino do Arco-Íris,Infantil,Ana Pereira,Editora Sextante,18.23,Livraria Martins Fontes,0
Amor Eterno: A Noite das Estrelas,Romance,João Silva,Editora Globo,33.11,Livraria Lecos,195
Amor Eterno: Entre Nós,Romance,Lucas Lima,Editora Record,16.28,Livraria Lecos,519
Aventura Radical: Em Busca do Tesouro Perdido,Aventura,Beatriz Nunes,Intrínseca,34.99,Livraria Saraiva,0
No Coração do Terror,Terror,Juliana Rocha,Editora Planeta,26.36,Livraria Lecos,290
Os Olhos da Noite,Terror,Fernanda Costa,Editora Record,51.59,Livraria Saraiva,0
A Última Fronteira,Ficção,Lucas Lima,Editora Planeta,161.65,Livraria Fnac,122
Além do Infinito,Ficção,Carlos Souza,Editora Record,14.66,Livraria Martins Fontes,695
Futuro Agora: Inteligência Artificial,Tecnologia,Fernanda Costa,Editora Record,44.09,Livraria Fnac,0
Futuro Agora: Inteligência Artificial,Tecnologia,Lucas Lima,Editora Rocco,33.03,Livraria da Travessa,102
Aventuras Mágicas: O Reino do Arco-Íris,Infantil,Beatriz Nunes,Intrínseca,9.09,Livraria Martins Fontes,593
Desperte Seu Poder: Caminhos para a Felicidade,Autoajuda,Thiago Fernandes,Intrínseca,11.95,Livraria Martins Fontes,0
Além do Infinito,Ficção,Carlos Souza,Editora Rocco,14.43,Livraria Saraiva,133
Aventura Radical: Os Mistérios do Deserto,Aventura,Ana Pereira,Editora Planeta,30.59,Livraria Cultura,0
Futuro Agora: Inteligência Artificial,Tecnologia,Maria Oliveira,Editora Globo,21.25,Livraria Lecos,81
Desperte Seu Poder: Vença o Medo,Autoajuda,Ana Pereira,Editora Sextante,13.45,Livraria Martins Fontes,0
Aventuras Mágicas: O Segredo da Floresta Encantada,Infantil,Lucas Lima,Companhia das Letras,50.0,Livraria Lecos,6
Nos Bastidores da História,História,Sofia Almeida,Editora Planeta,40.59,Livraria Fnac,66
Revolução Científica: Explorando o Infinito,Ciência,Thiago Fernandes,Editora Globo,10.64,Livraria Martins Fontes,353
Aventura Radical: Viagem ao Centro da Terra,Aventura,Juliana Rocha,Editora Record,123.34,Livraria Cultura,59
Desperte Seu Poder: Superando Limites,Autoajuda,Gustavo Ribeiro,Editora Planeta,114.62,Livraria Saraiva,202
O Feitiço da Lua,Fantasia,Beatriz Nunes,Companhia das Letras,11.61,Livraria Lecos,90
Os Olhos da Noite,Terror,Gustavo Ribeiro,Editora Rocco,80.55,Livraria da Travessa,0
Vida Incrível: Histórias de Superação,Biografia,Ana Pereira,Editora Rocco,40.26,Livraria Cultura,17
Desperte Seu Poder: Caminhos para a Felicidade,Autoajuda,Thiago Fernandes,Editora Rocco,87.62,Livraria da Travessa,115
O Feitiço da Chama,Fantasia,Lucas Lima,Editora Rocco,16.37,Livraria Saraiva,113
Amor Eterno: A Noite das Estrelas,Romance,Sofia Almeida,Editora Planeta,55.43,Livraria Cultura,229
Revolução Científica: Explorando o Infinito,Ciência,Fernanda Costa,Intrínseca,10.47,Livraria da Travessa,0
Desperte Seu Poder: Superando Limites,Autoajuda,João Silva,Editora Rocco,97.95,Livraria Cultura,31
A Última Batalha,História,Sofia Almeida,Editora Rocco,65.69,Livraria Cultura,54
O Horizonte Proibido,Ficção,Sofia Almeida,Editora Record,59.37,Livraria Fnac,8
Aventuras Mágicas: O Reino do Arco-Íris,Infantil,Fernanda Costa,Companhia das Letras,56.07,Livraria da Travessa,65
Futuro Agora: Conectando o Mundo,Tecnologia,João Silva,Editora Planeta,79.94,Livraria Saraiva,69
A Última Batalha,História,Gustavo Ribeiro,Editora Rocco,44.78,Livraria Lecos,6
Futuro Agora: Inteligência Artificial,Tecnologia,João Silva,Editora Globo,44.39,Livraria Saraiva,3
Aventura Radical: Em Busca do Tesouro Perdido,Aventura,Carla Dias,Editora Planeta,92.44,Livraria Fnac,2
Futuro Agora: Conectando o Mundo,Tecnologia,Thiago Fernandes,Intrínseca,30.46,Livraria Cultura,28
Revolução Científica: O Enigma da Matéria,Ciência,Juliana Rocha,Intrínseca,29.45,Livraria Saraiva,0
Revolução Científica: Mistérios do Universo,Ciência,Juliana Rocha,Editora Rocco,12.57,Livraria Lecos,216
Desperte Seu Poder: Superando Limites,Autoajuda,Beatriz Nunes,Editora Sextante,33.44,Livraria Cultura,129
O Feitiço da Chama,Fantasia,João Silva,Companhia das Letras,35.18,Livraria Cultura,0
Os Guerreiros do Passado,História,Carla Dias,Companhia das Letras,29.15,Livraria Cultura,43
O Mistério de Nova York,Suspense,Beatriz Nunes,Editora Rocco,9.86,Livraria Lecos,91
Vida Incrível: O Legado de uma Lenda,Biografia,Lucas Lima,Companhia das Letras,70.22,Livraria Martins Fontes,50
Vida Incrível: Histórias de Superação,Biografia,Rafael Gomes,Intrínseca,18.13,Livraria Saraiva,327
O Feitiço da Estrela,Fantasia,Maria Oliveira,Editora Rocco,12.35,Livraria Cultura,17
Os Guerreiros do Passado,História,Thiago Fernandes,Editora Sextante,11.61,Livraria Saraiva,0
Amor Eterno: Corações em Chamas,Romance,Thiago Fernandes,Editora Rocco,5.32,Livraria Cultura,244
Aventuras Mágicas: O Reino do Arco-Íris,Infantil,Ana Pereira,Editora Planeta,51.41,Livraria Lecos,144
O Mistério de Londres,Suspense,João Silva,Companhia das Letras,40.17,Livraria Martins Fontes,40
Amor Eterno: Entre Nós,Romance,Beatriz Nunes,Editora Rocco,44.6,Livraria Lecos,40
Desperte Seu Poder: Superando Limites,Autoajuda,Lucas Lima,Companhia das Letras,18.82,Livraria Lecos,24
Os Olhos da Noite,Terror,Juliana Rocha,Editora Rocco,31.0,Livraria Martins Fontes,2
O Mistério de Paris,Suspense,Beatriz Nunes,Intrínseca,19.14,Livraria Martins Fontes,1
Nos Bastidores da História,História,Pedro Martins,Companhia das Letras,13.38,Livraria da Travessa,99
O Feitiço da Estrela,Fantasia,Lucas Lima,Editora Globo,34.1,Livraria Martins Fontes,860
O Feitiço da Lua,Fantasia,Lucas Lima,Editora Record,37.55,Livraria Martins Fontes,30
Aventura Radical: Viagem ao Centro da Terra,Aventura,Sofia Almeida,Intrínseca,16.74,Livraria da Travessa,334
Aventura Radical: Em Busca do Tesouro Perdido,Aventura,Gustavo Ribeiro,Editora Globo,14.04,Livraria Martins Fontes,55
Futuro Agora: Conectando o Mundo,Tecnologia,Gustavo Ribeiro,Intrínseca,43.88,Livraria da Travessa,12
Amor Eterno: Entre Nós,Romance,Sofia Almeida,Editora Rocco,27.82,Livraria da Travessa,237
Os Olhos da Noite,Terror,Gustavo Ribeiro,Editora Record,52.37,Livraria Fnac,0
A Casa das Sombras,Terror,Juliana Rocha,Intrínseca,5.36,Livraria Cultura,1
Amor Eterno: A Noite das Estrelas,Romance,Sofia Almeida,Editora Rocco,54.39,Livraria Cultura,154
Os Olhos da Noite,Terror,João Silva,Intrínseca,23.96,Livraria Fnac,175
O Feitiço da Estrela,Fantasia,João Silva,Editora Sextante,57.91,Livraria Cultura,92
A Casa das Sombras,Terror,Carlos Souza,Companhia das Letras,72.46,Livraria Martins Fontes,378
Amor Eterno: O Último Beijo,Romance,Beatriz Nunes,Editora Globo,13.55,Livraria Saraiva,75
Aventuras Mágicas: A Fada e o Dragão,Infantil,Gustavo Ribeiro,Editora Globo,36.54,Livraria Saraiva,0
O Mistério de Moscou,Suspense,Lucas Lima,Editora Rocco,15.29,Livraria Cultura,118
A Casa das Sombras,Terror,Carla Dias,Editora Planeta,49.85,Livraria Martins Fontes,90
Aventura Radical: Viagem ao Centro da Terra,Aventura,Rafael Gomes,Editora Globo,14.7,Livraria da Travessa,203
Aventura Radical: Em Busca do Tesouro Perdido,Aventura,João Silva,Editora Planeta,126.21,Livraria Fnac,0
O Feitiço da Lua,Fantasia,Pedro Martins,Editora Globo,84.86,Livraria Saraiva,2
Futuro Agora: Conectando o Mundo,Tecnologia,Rafael Gomes,Intrínseca,67.52,Livraria da Travessa,498
Desperte Seu Poder: Vença o Medo,Autoajuda,Rafael Gomes,Editora Globo,76.23,Livraria da Travessa,42
A Última Fronteira,Ficção,Gustavo Ribeiro,Companhia das Letras,11.09,Livraria Saraiva,94
Além do Infinito,Ficção,Fernanda Costa,Editora Sextante,38.83,Livraria Lecos,77
Desperte Seu Poder: Vença o Medo,Autoajuda,Sofia Almeida,Editora Globo,19.2,Livraria Cultura,72
O Feitiço da Sombra,Fantasia,Lucas Lima,Companhia das Letras,29.38,Livraria Saraiva,6
Amor Eterno: Entre Nós,Romance,Ana Pereira,Companhia das Letras,6.29,Livraria Martins Fontes,66
Os Guerreiros do Passado,História,Sofia Almeida,Companhia das Letras,16.72,Livraria Cultura,0
A Última Fronteira,Ficção,Sofia Almeida,Companhia das Letras,22.59,Livraria Saraiva,21
O Mistério de Paris,Suspense,Pedro Martins,Companhia das Letras,41.28,Livraria Martins Fontes,54
Vida Incrível: Histórias de Superação,Biografia,Thiago Fernandes,Companhia das Letras,9.11,Livraria Martins Fontes,374
A Casa das Sombras,Terror,Beatriz Nunes,Editora Globo,5.13,Livraria Lecos,0
Os Olhos da Noite,Terror,Ana Pereira,Intrínseca,16.65,Livraria Martins Fontes,1
Desperte Seu Poder: Caminhos para a Felicidade,Autoajuda,Carlos Souza,Editora Rocco,62.61,Livraria Martins Fontes,0
A Última Fronteira,Ficção,João Silva,Intrínseca,166.64,Livraria Lecos,18
Futuro Agora: Inteligência Artificial,Tecnologia,Juliana Rocha,Editora Sextante,192.29,Livraria da Travessa,895
Amor Eterno: Entre Nós,Romance,Rafael Gomes,Editora Rocco,10.39,Livraria da Travessa,13
O Feitiço da Estrela,Fantasia,Lucas Lima,Editora Record,89.3,Livraria da Travessa,243
Amor Eterno: A Noite das Estrelas,Romance,Carla Dias,Editora Planeta,56.24,Livraria Fnac,87
Vida Incrível: Histórias de Superação,Biografia,Beatriz Nunes,Editora Rocco,84.26,Livraria Saraiva,256
Aventuras Mágicas: O Segredo da Floresta Encantada,Infantil,Juliana Rocha,Editora Record,11.9,Livraria Fnac,0
Os Olhos da Noite,Terror,Lucas Lima,Editora Planeta,19.01,Livraria Saraiva,7
A Última Batalha,História,Rafael Gomes,Intrínseca,20.67,Livraria Saraiva,88
Aventura Radical: Viagem ao Centro da Terra,Aventura,Sofia Almeida,Editora Rocco,13.61,Livraria da Travessa,68
A Casa das Sombras,Terror,Ana Pereira,Editora Planeta,118.16,Livraria Cultura,73
A Última Batalha,História,Lucas Lima,Editora Sextante,20.28,Livraria Lecos,0
Desperte Seu Poder: Vença o Medo,Autoajuda,Pedro Martins,Editora Rocco,45.25,Livraria Saraiva,354
O Mistério de Londres,Suspense,Carlos Souza,Editora Rocco,72.44,Livraria Cultura,35
Futuro Agora: Conectando o Mundo,Tecnologia,Maria Oliveira,Editora Record,4.96,Livraria Lecos,274
Aventuras Mágicas: O Reino do Arco-Íris,Infantil,Juliana Rocha,Editora Planeta,197.51,Livraria Fnac,76
Aventura Radical: Os Mistérios do Deserto,Aventura,Gustavo Ribeiro,Editora Record,51.67,Livraria Saraiva,55
Vida Incrível: Passos para a Eternidade,Biografia,Carla Dias,Editora Globo,9.74,Livraria Martins Fontes,8
O Feitiço da Montanha,Fantasia,Juliana Rocha,Editora Rocco,9.8,Livraria Cultura,109
O Horizonte Proibido,Ficção,João Silva,Companhia das Letras,27.39,Livraria Lecos,123
O Feitiço da Sombra,Fantasia,Fernanda Costa,Editora Planeta,38.41,Livraria Fnac,0
Vida Incrível: O Legado de uma Lenda,Biografia,Sofia Almeida,Editora Planeta,144.51,Livraria Lecos,155
Aventura Radical: Em Busca do Tesouro Perdido,Aventura,João Silva,Editora Globo,44.15,Livraria Cultura,37
A Casa das Sombras,Terror,Rafael Gomes,Editora Rocco,128.05,Livraria Cultura,294
Aventuras Mágicas: O Reino do Arco-Íris,Infantil,Juliana Rocha,Editora Record,105.06,Livraria Fnac,6
O Feitiço da Lua,Fantasia,Maria Oliveira,Editora Planeta,25.74,Livraria Fnac,12
Revolução Científica: O Enigma da Matéria,Ciência,Rafael Gomes,Editora Planeta,67.53,Livraria Fnac,0
O Feitiço da Lua,Fantasia,Pedro Martins,Intrínseca,97.84,Livraria Lecos,415
Desperte Seu Poder: Superando Limites,Autoajuda,Maria Oliveira,Editora Globo,51.98,Livraria Cultura,0
Aventura Radical: Em Busca do Tesouro Perdido,Aventura,Juliana Rocha,Intrínseca,70.26,Livraria Saraiva,48
Futuro Agora: Revolução Digital,Tecnologia,Rafael Gomes,Editora Globo,23.92,Livraria Fnac,30
Revolução Científica: Mistérios do Universo,Ciência,Juliana Rocha,Editora Sextante,34.3,Livraria Lecos,0
Vida Incrível: Passos para a Eternidade,Biografia,Carla Dias,Editora Planeta,23.33,Livraria Saraiva,6
Aventura Radical: Em Busca do Tesouro Perdido,Aventura,Fernanda Costa,Companhia das Letras,57.67,Livraria Martins Fontes,86
Futuro Agora: Revolução Digital,Tecnologia,Ana Pereira,Editora Rocco,45.02,Livraria Lecos,396
Amor Eterno: O Último Beijo,Romance,Maria Oliveira,Editora Sextante,52.67,Livraria Saraiva,23
O Feitiço da Montanha,Fantasia,Pedro Martins,Editora Sextante,20.26,Livraria da Travessa,18
Aventura Radical: Viagem ao Centro da Terra,Aventura,Carlos Souza,Editora Record,9.91,Livraria Cultura,94
O Feitiço da Chama,Fantasia,Lucas Lima,Editora Planeta,43.03,Livraria da Travessa,171
Nos Bastidores da História,História,Gustavo Ribeiro,Editora Globo,37.2,Livraria Saraiva,9
Futuro Agora: Conectando o Mundo,Tecnologia,Beatriz Nunes,Editora Globo,45.18,Livraria Cultura,52
Aventura Radical: Viagem ao Centro da Terra,Aventura,Lucas Lima,Editora Planeta,29.62,Livraria da Travessa,0
Além do Infinito,Ficção,Pedro Martins,Companhia das Letras,11.42,Livraria da Travessa,28
A Última Batalha,História,Rafael Gomes,Intrínseca,84.57,Livraria Saraiva,9
Além do Infinito,Ficção,Ana Pereira,Editora Planeta,84.37,Livraria Fnac,221
Vida Incrível: O Legado de uma Lenda,Biografia,Sofia Almeida,Editora Record,87.89,Livraria Saraiva,630
Aventura Radical: Em Busca do Tesouro Perdido,Aventura,João Silva,Intrínseca,173.54,Livraria Fnac,471
O Feitiço da Lua,Fantasia,Thiago Fernandes,Companhia das Letras,14.08,Livraria Lecos,3
Revolução Científica: Mistérios do Universo,Ciência,Rafael Gomes,Editora Rocco,14.66,Livraria Fnac,470
Revolução Científica: O Enigma da Matéria,Ciência,Pedro Martins,Editora Sextante,43.05,Livraria Lecos,167
Vida Incrível: O Legado de uma Lenda,Biografia,Juliana Rocha,Editora Planeta,13.01,Livraria Lecos,0
O Feitiço da Montanha,Fantasia,Maria Oliveira,Intrínseca,4.75,Livraria Martins Fontes,0
Desperte Seu Poder: Vença o Medo,Autoajuda,Carlos Souza,Editora Planeta,58.62,Livraria da Travessa,47
O Feitiço da Montanha,Fantasia,Maria Oliveira,Editora Rocco,165.13,Livraria Saraiva,325
A Última Fronteira,Ficção,Maria Oliveira,Editora Rocco,29.33,Livraria Cultura,36
Futuro Agora: Inteligência Artificial,Tecnologia,Gustavo Ribeiro,Editora Planeta,45.69,Livraria Martins Fontes,46
Aventura Radical: Em Busca do Tesouro Perdido,Aventura,Rafael Gomes,Editora Rocco,25.44,Livraria Lecos,95
No Coração do Terror,Terror,Beatriz Nunes,Intrínseca,47.11,Livraria Cultura,226
Futuro Agora: Inteligência Artificial,Tecnologia,Lucas Lima,Intrínseca,39.1,Livraria da Travessa,76
Desperte Seu Poder: Caminhos para a Felicidade,Autoajuda,Gustavo Ribeiro,Editora Globo,14.7,Livraria Cultura,70
Aventuras Mágicas: O Segredo da Floresta Encantada,Infantil,Lucas Lima,Editora Globo,51.73,Livraria Martins Fontes,0
Aventuras Mágicas: O Reino do Arco-Íris,Infantil,Beatriz Nunes,Editora Planeta,30.95,Livraria Fnac,0
Aventuras Mágicas: A Fada e o Dragão,Infantil,Gustavo Ribeiro,Editora Record,31.16,Livraria Cultura,29
Além do Infinito,Ficção,Juliana Rocha,Editora Sextante,14.75,Livraria Saraiva,0
O Feitiço da Lua,Fantasia,Thiago Fernandes,Editora Rocco,73.8,Livraria Saraiva,83
Futuro Agora: Conectando o Mundo,Tecnologia,Carla Dias,Companhia das Letras,42.35,Livraria Fnac,2
O Mistério de Paris,Suspense,Fernanda Costa,Editora Record,61.79,Livraria da Travessa,38
Vida Incrível: Passos para a Eternidade,Biografia,Thiago Fernandes,Editora Sextante,37.38,Livraria Cultura,3
Vida Incrível: O Legado de uma Lenda,Biografia,Carlos Souza,Editora Sextante,30.53,Livraria da Travessa,2
A Casa das Sombras,Terror,João Silva,Editora Record,45.33,Livraria Cultura,43
Desperte Seu Poder: Vença o Medo,Autoajuda,Juliana Rocha,Editora Globo,25.17,Livraria Saraiva,162
A Casa das Sombras,Terror,Pedro Martins,Editora Record,26.2,Livraria da Travessa,323
Os Guerreiros do Passado,História,Juliana Rocha,Intrínseca,52.9,Livraria Cultura,95
O Feitiço da Montanha,Fantasia,Sofia Almeida,Editora Sextante,56.99,Livraria Fnac,175
Futuro Agora: Conectando o Mundo,Tecnologia,Carla Dias,Editora Globo,84.76,Livraria da Travessa,557
Vida Incrível: Histórias de Superação,Biografia,Ana Pereira,Companhia das Letras,22.11,Livraria Martins Fontes,23
A Casa das Sombras,Terror,Ana Pereira,Editora Planeta,11.04,Livraria Fnac,76
O Mistério de Moscou,Suspense,Thiago Fernandes,Editora Record,92.93,Livraria Saraiva,50
Futuro Agora: Conectando o Mundo,Tecnologia,Maria Oliveira,Editora Record,49.71,Livraria Martins Fontes,1
Aventuras Mágicas: O Segredo da Floresta Encantada,Infantil,Carla Dias,Editora Globo,46.26,Livraria Cultura,3
O Mistério de Moscou,Suspense,Lucas Lima,Editora Rocco,10.21,Livraria Lecos,0
Revolução Científica: O Enigma da Matéria,Ciência,Carlos Souza,Editora Globo,36.19,Livraria Saraiva,9
O Mistério de Paris,Suspense,Juliana Rocha,Editora Sextante,10.27,Livraria Cultura,11
O Feitiço da Sombra,Fantasia,Carlos Souza,Editora Record,28.49,Livraria Cultura,93
Aventura Radical: Os Mistérios do Deserto,Aventura,João Silva,Editora Sextante,6.56,Livraria Fnac,37
A Última Fronteira,Ficção,Juliana Rocha,Editora Sextante,11.89,Livraria Cultura,141
Aventura Radical: Em Busca do Tesouro Perdido,Aventura,Rafael Gomes,Editora Record,20.26,Livraria Fnac,0
Revolução Científica: Explorando o Infinito,Ciência,Fernanda Costa,Intrínseca,18.62,Livraria Lecos,262
A Última Batalha,História,Juliana Rocha,Editora Sextante,26.57,Livraria Saraiva,17
Revolução Científica: Explorando o Infinito,Ciência,Gustavo Ribeiro,Editora Planeta,24.26,Livraria Cultura,0
O Mistério de Nova York,Suspense,Gustavo Ribeiro,Intrínseca,20.9,Livraria Lecos,937
Amor Eterno: Corações em Chamas,Romance,Maria Oliveira,Editora Globo,52.85,Livraria Lecos,0
Desperte Seu Poder: Superando Limites,Autoajuda,Maria Oliveira,Editora Globo,109.16,Livraria Fnac,523
Aventura Radical: Os Mistérios do Deserto,Aventura,Lucas Lima,Companhia das Letras,44.02,Livraria da Travessa,0
Aventura Radical: Os Mistérios do Deserto,Aventura,Sofia Almeida,Editora Globo,55.46,Livraria Cultura,23
O Mistério de Nova York,Suspense,Juliana Rocha,Editora Planeta,53.0,Livraria Cultura,0
Vida Incrível: Passos para a Eternidade,Biografia,Juliana Rocha,Editora Record,107.09,Livraria Cultura,165
A Última Fronteira,Ficção,Carlos Souza,Editora Globo,9.95,Livraria da Travessa,21
Vida Incrível: Histórias de Superação,Biografia,Ana Pereira,Editora Globo,140.81,Livraria Fnac,283
O Mistério de Moscou,Suspense,Sofia Almeida,Editora Globo,37.16,Livraria Fnac,68
O Feitiço da Estrela,Fantasia,Juliana Rocha,Editora Record,56.05,Livraria Cultura,22
O Horizonte Proibido,Ficção,Beatriz Nunes,Editora Globo,48.5,Livraria Lecos,23
Aventuras Mágicas: A Fada e o Dragão,Infantil,Juliana Rocha,Editora Sextante,29.23,Livraria Lecos,25
O Feitiço da Montanha,Fantasia,Carlos Souza,Editora Globo,18.14,Livraria Martins Fontes,20
Amor Eterno: O Último Beijo,Romance,Fernanda Costa,Editora Sextante,8.09,Livraria Martins Fontes,7
Nos Bastidores da História,História,Sofia Almeida,Editora Rocco,23.7,Livraria Martins Fontes,127
Desperte Seu Poder: Vença o Medo,Autoajuda,Lucas Lima,Intrínseca,11.31,Livraria Fnac,27
Futuro Agora: Revolução Digital,Tecnologia,Lucas Lima,Editora Globo,26.46,Livraria Martins Fontes,0
Revolução Científica: Mistérios do Universo,Ciência,Fernanda Costa,Companhia das Letras,73.41,Livraria Martins Fontes,57
Amor Eterno: O Último Beijo,Romance,João Silva,Editora Planeta,109.55,Livraria Cultura,0
Amor Eterno: A Noite das Estrelas,Romance,Sofia Almeida,Companhia das Letras,21.36,Livraria Martins Fontes,5
Aventuras Mágicas: O Segredo da Floresta Encantada,Infantil,Thiago Fernandes,Companhia das Letras,15.52,Livraria Cultura,26
Vida Incrível: Histórias de Superação,Biografia,Pedro Martins,Editora Globo,15.28,Livraria Martins Fontes,24
Aventuras Mágicas: A Fada e o Dragão,Infantil,Thiago Fernandes,Intrínseca,8.44,Livraria Lecos,0
Futuro Agora: Inteligência Artificial,Tecnologia,João Silva,Editora Rocco,70.36,Livraria Lecos,9
Aventuras Mágicas: O Reino do Arco-Íris,Infantil,Sofia Almeida,Editora Record,58.23,Livraria da Travessa,0
Os Guerreiros do Passado,História,Gustavo Ribeiro,Intrínseca,28.66,Livraria Martins Fontes,196
Aventuras Mágicas: O Segredo da Floresta Encantada,Infantil,Fernanda Costa,Intrínseca,27.72,Livraria Cultura,0
Revolução Científica: O Enigma da Matéria,Ciência,Lucas Lima,Editora Globo,37.03,Livraria Fnac,4
Vida Incrível: Histórias de Superação,Biografia,Lucas Lima,Editora Globo,64.53,Livraria Lecos,381
Futuro Agora: Revolução Digital,Tecnologia,Ana Pereira,Editora Globo,11.37,Livraria Cultura,81
O Horizonte Proibido,Ficção,Lucas Lima,Editora Globo,51.0,Livraria Saraiva,76
Futuro Agora: Revolução Digital,Tecnologia,Thiago Fernandes,Editora Globo,83.73,Livraria Martins Fontes,15
Amor Eterno: Corações em Chamas,Romance,Fernanda Costa,Editora Sextante,54.93,Livraria Saraiva,313
Amor Eterno: Corações em Chamas,Romance,Juliana Rocha,Editora Sextante,18.7,Livraria Saraiva,29
Aventura Radical: Viagem ao Centro da Terra,Aventura,Pedro Martins,Editora Planeta,43.85,Livraria Lecos,0
O Mistério de Moscou,Suspense,Carla Dias,Editora Record,41.93,Livraria Cultura,0
O Mistério de Londres,Suspense,Lucas Lima,Editora Rocco,78.89,Livraria Saraiva,139
Aventuras Mágicas: O Segredo da Floresta Encantada,Infantil,Thiago Fernandes,Intrínseca,24.62,Livraria Cultura,0
Amor Eterno: Entre Nós,Romance,Fernanda Costa,Intrínseca,25.31,Livraria Fnac,123
O Feitiço da Chama,Fantasia,Fernanda Costa,Intrínseca,24.53,Livraria Saraiva,228
Futuro Agora: Inteligência Artificial,Tecnologia,Carlos Souza,Editora Planeta,13.66,Livraria Fnac,65
Revolução Científica: O Enigma da Matéria,Ciência,Thiago Fernandes,Intrínseca,27.29,Livraria Cultura,59
Aventuras Mágicas: A Fada e o Dragão,Infantil,Sofia Almeida,Editora Sextante,24.88,Livraria Martins Fontes,33
Aventuras Mágicas: O Segredo da Floresta Encantada,Infantil,Carla Dias,Editora Rocco,29.01,Livraria Martins Fontes,26
Aventura Radical: Viagem ao Centro da Terra,Aventura,Ana Pereira,Intrínseca,60.85,Livraria Fnac,1045
Além do Infinito,Ficção,Gustavo Ribeiro,Editora Sextante,25.6,Livraria Lecos,101
Os Guerreiros do Passado,História,João Silva,Editora Planeta,7.15,Livraria da Travessa,2
Desperte Seu Poder: Vença o Medo,Autoajuda,Beatriz Nunes,Editora Globo,22.85,Livraria Martins Fontes,0
Amor Eterno: O Último Beijo,Romance,Carla Dias,Intrínseca,56.8,Livraria da Travessa,0
Desperte Seu Poder: Superando Limites,Autoajuda,Gustavo Ribeiro,Companhia das Letras,17.79,Livraria Martins Fontes,823
O Feitiço da Montanha,Fantasia,Carlos Souza,Editora Globo,60.63,Livraria da Travessa,61
O Mistério de Paris,Suspense,Ana Pereira,Editora Record,25.07,Livraria Fnac,9
A Última Batalha,História,Lucas Lima,Editora Planeta,19.31,Livraria Saraiva,0
No Coração do Terror,Terror,Carlos Souza,Intrínseca,141.01,Livraria Fnac,0
Aventura Radical: Em Busca do Tesouro Perdido,Aventura,Sofia Almeida,Editora Globo,13.55,Livraria Martins Fontes,67
O Feitiço da Estrela,Fantasia,Sofia Almeida,Editora Sextante,26.6,Livraria da Travessa,0
Vida Incrível: O Legado de uma Lenda,Biografia,Ana Pereira,Editora Planeta,10.55,Livraria Lecos,170
Vida Incrível: Histórias de Superação,Biografia,Lucas Lima,Editora Record,11.35,Livraria Cultura,9
O Mistério de Moscou,Suspense,Carla Dias,Editora Planeta,13.51,Livraria Saraiva,13
Futuro Agora: Revolução Digital,Tecnologia,Beatriz Nunes,Editora Sextante,5.45,Livraria Lecos,11
Aventura Radical: Os Mistérios do Deserto,Aventura,Gustavo Ribeiro,Editora Globo,28.12,Livraria Fnac,0
Revolução Científica: Explorando o Infinito,Ciência,Rafael Gomes,Intrínseca,4.0,Livraria Saraiva,347
O Mistério de Nova York,Suspense,João Silva,Intrínseca,17.56,Livraria Saraiva,33
O Mistério de Paris,Suspense,João Silva,Companhia das Letras,89.34,Livraria Saraiva,0
Aventuras Mágicas: O Reino do Arco-Íris,Infantil,Fernanda Costa,Editora Sextante,22.42,Livraria Martins Fontes,0
O Feitiço da Montanha,Fantasia,Gustavo Ribeiro,Companhia das Letras,9.16,Livraria Cultura,37
O Horizonte Proibido,Ficção,Fernanda Costa,Editora Globo,98.41,Livraria da Travessa,28
Aventuras Mágicas: O Segredo da Floresta Encantada,Infantil,Carla Dias,Intrínseca,9.66,Livraria Lecos,0
Os Guerreiros do Passado,História,Maria Oliveira,Intrínseca,21.64,Livraria Saraiva,0
Futuro Agora: Conectando o Mundo,Tecnologia,Thiago Fernandes,Editora Rocco,51.4,Livraria Saraiva,35
Aventura Radical: Em Busca do Tesouro Perdido,Aventura,Thiago Fernandes,Editora Planeta,20.9,Livraria Cultura,2
Vida Incrível: O Legado de uma Lenda,Biografia,Juliana Rocha,Editora Rocco,55.42,Livraria Fnac,56
Aventuras Mágicas: O Reino do Arco-Íris,Infantil,João Silva,Intrínseca,25.37,Livraria Saraiva,82
O Feitiço da Montanha,Fantasia,Gustavo Ribeiro,Editora Record,76.58,Livraria Lecos,6
Futuro Agora: Inteligência Artificial,Tecnologia,Lucas Lima,Intrínseca,30.85,Livraria Lecos,0
A Última Batalha,História,Carlos Souza,Editora Record,71.58,Livraria Lecos,5
Futuro Agora: Conectando o Mundo,Tecnologia,Ana Pereira,Editora Globo,60.66,Livraria Saraiva,318
Desperte Seu Poder: Caminhos para a Felicidade,Autoajuda,Maria Oliveira,Editora Planeta,18.88,Livraria da Travessa,52
Aventuras Mágicas: O Segredo da Floresta Encantada,Infantil,Juliana Rocha,Editora Planeta,37.06,Livraria da Travessa,0
A Última Batalha,História,Juliana Rocha,Editora Planeta,87.36,Livraria Martins Fontes,100
O Horizonte Proibido,Ficção,Beatriz Nunes,Editora Record,16.83,Livraria Cultura,25
O Mistério de Paris,Suspense,Juliana Rocha,Intrínseca,138.7,Livraria Fnac,744
Futuro Agora: Revolução Digital,Tecnologia,Thiago Fernandes,Editora Rocco,14.71,Livraria Fnac,82
Aventuras Mágicas: O Reino do Arco-Íris,Infantil,Beatriz Nunes,Editora Rocco,78.82,Livraria Saraiva,0
Os Olhos da Noite,Terror,Sofia Almeida,Editora Planeta,45.78,Livraria Martins Fontes,124
O Feitiço da Montanha,Fantasia,Ana Pereira,Editora Record,13.36,Livraria Cultura,6
Aventuras Mágicas: O Segredo da Floresta Encantada,Infantil,Maria Oliveira,Editora Globo,158.48,Livraria Saraiva,0
Vida Incrível: Passos para a Eternidade,Biografia,Fernanda Costa,Editora Record,59.9,Livraria da Travessa,8
Os Guerreiros do Passado,História,Thiago Fernandes,Intrínseca,38.96,Livraria da Travessa,9
Aventuras Mágicas: O Segredo da Floresta Encantada,Infantil,Beatriz Nunes,Intrínseca,32.22,Livraria Fnac,129
Nos Bastidores da História,História,Fernanda Costa,Editora Sextante,13.0,Livraria Lecos,18
O Mistério de Moscou,Suspense,Fernanda Costa,Editora Record,18.72,Livraria da Travessa,195
Vida Incrível: Histórias de Superação,Biografia,Rafael Gomes,Companhia das Letras,8.77,Livraria Martins Fontes,0
O Horizonte Proibido,Ficção,Pedro Martins,Editora Sextante,21.6,Livraria Martins Fontes,41
Aventuras Mágicas: A Fada e o Dragão,Infantil,Pedro Martins,Intrínseca,162.19,Livraria Saraiva,121
O Mistério de Londres,Suspense,Rafael Gomes,Editora Globo,72.99,Livraria Martins Fontes,28
Aventuras Mágicas: A Fada e o Dragão,Infantil,Carlos Souza,Editora Globo,68.83,Livraria Saraiva,440
Nos Bastidores da História,História,Lucas Lima,Editora Globo,46.64,Livraria Martins Fontes,257
Aventura Radical: Os Mistérios do Deserto,Aventura,Juliana Rocha,Editora Sextante,20.83,Livraria Saraiva,381
O Mistério de Londres,Suspense,Gustavo Ribeiro,Editora Record,43.57,Livraria Saraiva,22
O Feitiço da Lua,Fantasia,Rafael Gomes,Editora Globo,95.76,Livraria da Travessa,30
A Última Batalha,História,Ana Pereira,Editora Record,31.68,Livraria da Travessa,345
Desperte Seu Poder: Caminhos para a Felicidade,Autoajuda,Carla Dias,Editora Planeta,78.3,Livraria Cultura,197
O Feitiço da Montanha,Fantasia,Carla Dias,Intrínseca,45.07,Livraria Lecos,55
Aventuras Mágicas: O Reino do Arco-Íris,Infantil,Beatriz Nunes,Companhia das Letras,6.85,Livraria Lecos,126
Desperte Seu Poder: Superando Limites,Autoajuda,Thiago Fernandes,Companhia das Letras,24.48,Livraria Fnac,24
Os Guerreiros do Passado,História,Gustavo Ribeiro,Intrínseca,33.78,Livraria da Travessa,41
No Coração do Terror,Terror,João Silva,Companhia das Letras,31.98,Livraria Cultura,76
A Última Fronteira,Ficção,Carlos Souza,Editora Sextante,4.78,Livraria Fnac,176
O Horizonte Proibido,Ficção,Ana Pereira,Editora Planeta,17.09,Livraria da Travessa,0
O Mistério de Nova York,Suspense,Gustavo Ribeiro,Editora Planeta,13.85,Livraria da Travessa,0
Revolução Científica: Mistérios do Universo,Ciência,Gustavo Ribeiro,Editora Record,10.95,Livraria Cultura,139
A Última Batalha,História,Lucas Lima,Editora Planeta,77.83,Livraria Saraiva,0
Aventura Radical: Os Mistérios do Deserto,Aventura,Pedro Martins,Editora Record,32.58,Livraria Fnac,144
Futuro Agora: Conectando o Mundo,Tecnologia,Rafael Gomes,Editora Sextante,80.87,Livraria da Travessa,0
A Casa das Sombras,Terror,Lucas Lima,Editora Globo,139.25,Livraria Lecos,36
Revolução Científica: Explorando o Infinito,Ciência,Carla Dias,Companhia das Letras,13.24,Livraria da Travessa,78
Desperte Seu Poder: Superando Limites,Autoajuda,Ana Pereira,Editora Globo,4.95,Livraria Cultura,182
Revolução Científica: Explorando o Infinito,Ciência,Lucas Lima,Editora Rocco,24.37,Livraria Lecos,29
Futuro Agora: Revolução Digital,Tecnologia,Lucas Lima,Editora Rocco,13.15,Livraria Fnac,119
Futuro Agora: Inteligência Artificial,Tecnologia,Carla Dias,Intrínseca,27.81,Livraria Martins Fontes,81
Amor Eterno: Entre Nós,Romance,Ana Pereira,Intrínseca,32.41,Livraria Cultura,24
Amor Eterno: Entre Nós,Romance,Beatriz Nunes,Editora Rocco,56.91,Livraria da Travessa,1
O Feitiço da Sombra,Fantasia,Gustavo Ribeiro,Editora Record,14.46,Livraria Saraiva,332
O Feitiço da Montanha,Fantasia,Thiago Fernandes,Editora Sextante,23.74,Livraria Saraiva,15
Revolução Científica: Explorando o Infinito,Ciência,Gustavo Ribeiro,Editora Globo,32.86,Livraria da Travessa,146
Aventuras Mágicas: O Segredo da Floresta Encantada,Infantil,Ana Pereira,Intrínseca,190.9,Livraria Lecos,0
Futuro Agora: Conectando o Mundo,Tecnologia,Maria Oliveira,Editora Globo,51.76,Livraria Saraiva,76
Futuro Agora: Conectando o Mundo,Tecnologia,Fernanda Costa,Editora Sextante,53.89,Livraria Lecos,1
Os Guerreiros do Passado,História,Thiago Fernandes,Editora Globo,18.39,Livraria da Travessa,22
Aventura Radical: Em Busca do Tesouro Perdido,Aventura,Carlos Souza,Editora Planeta,14.82,Livraria Lecos,130
No Coração do Terror,Terror,Thiago Fernandes,Editora Globo,32.8,Livraria Saraiva,76
O Feitiço da Estrela,Fantasia,Fernanda Costa,Editora Planeta,25.84,Livraria Fnac,0
Aventura Radical: Os Mistérios do Deserto,Aventura,João Silva,Companhia das Letras,18.45,Livraria da Travessa,52
Os Guerreiros do Passado,História,Ana Pereira,Editora Sextante,93.42,Livraria Saraiva,0
Os Olhos da Noite,Terror,Sofia Almeida,Editora Record,161.42,Livraria Martins Fontes,198
O Horizonte Proibido,Ficção,Lucas Lima,Editora Globo,11.72,Livraria Saraiva,0
Vida Incrível: O Legado de uma Lenda,Biografia,João Silva,Editora Globo,43.64,Livraria Cultura,0
A Casa das Sombras,Terror,Rafael Gomes,Editora Rocco,29.54,Livraria Cultura,28
A Última Fronteira,Ficção,Lucas Lima,Companhia das Letras,102.88,Livraria Martins Fontes,12
Desperte Seu Poder: Superando Limites,Autoajuda,Gustavo Ribeiro,Editora Record,42.25,Livraria Saraiva,0
O Feitiço da Montanha,Fantasia,Carla Dias,Editora Globo,60.62,Livraria Lecos,13
Os Olhos da Noite,Terror,Pedro Martins,Intrínseca,50.86,Livraria Cultura,8
O Feitiço da Estrela,Fantasia,Sofia Almeida,Editora Rocco,5.39,Livraria Fnac,0
Amor Eterno: A Noite das Estrelas,Romance,Carlos Souza,Editora Globo,14.0,Livraria Saraiva,148
Amor Eterno: Entre Nós,Romance,Maria Oliveira,Editora Globo,40.54,Livraria Lecos,908
A Última Fronteira,Ficção,Pedro Martins,Editora Sextante,58.08,Livraria da Travessa,350
Revolução Científica: Explorando o Infinito,Ciência,Lucas Lima,Editora Record,12.8,Livraria Cultura,0
Desperte Seu Poder: Superando Limites,Autoajuda,Carla Dias,Editora Sextante,4.99,Livraria Fnac,589
Revolução Científica: Mistérios do Universo,Ciência,Beatriz Nunes,Editora Planeta,41.4,Livraria Martins Fontes,4
A Última Fronteira,Ficção,Carlos Souza,Editora Sextante,34.4,Livraria da Travessa,22
Amor Eterno: O Último Beijo,Romance,João Silva,Editora Rocco,85.01,Livraria Martins Fontes,6
Futuro Agora: Inteligência Artificial,Tecnologia,João Silva,Intrínseca,53.7,Livraria da Travessa,106
Aventura Radical: Viagem ao Centro da Terra,Aventura,Fernanda Costa,Intrínseca,61.0,Livraria Martins Fontes,28
Revolução Científica: Explorando o Infinito,Ciência,João Silva,Companhia das Letras,105.01,Livraria Fnac,0
Amor Eterno: Entre Nós,Romance,Carla Dias,Editora Planeta,7.53,Livraria Saraiva,198
Desperte Seu Poder: Superando Limites,Autoajuda,Sofia Almeida,Editora Rocco,122.38,Livraria Saraiva,121
Aventura Radical: Viagem ao Centro da Terra,Aventura,Lucas Lima,Intrínseca,45.92,Livraria Lecos,131
Aventura Radical: Viagem ao Centro da Terra,Aventura,Pedro Martins,Editora Record,89.85,Livraria Lecos,10
A Última Batalha,História,Beatriz Nunes,Intrínseca,22.7,Livraria Saraiva,93
O Feitiço da Sombra,Fantasia,Beatriz Nunes,Editora Rocco,46.92,Livraria Lecos,10
O Mistério de Paris,Suspense,Juliana Rocha,Editora Planeta,60.52,Livraria Fnac,2
Os Guerreiros do Passado,História,Juliana Rocha,Editora Globo,50.53,Livraria Fnac,311
Vida Incrível: Passos para a Eternidade,Biografia,Carlos Souza,Companhia das Letras,55.35,Livraria Lecos,30
Amor Eterno: Corações em Chamas,Romance,Juliana Rocha,Intrínseca,12.0,Livraria Fnac,5
Amor Eterno: O Último Beijo,Romance,Carlos Souza,Companhia das Letras,50.7,Livraria Martins Fontes,26
Aventuras Mágicas: A Fada e o Dragão,Infantil,Lucas Lima,Companhia das Letras,91.21,Livraria Martins Fontes,26
Aventura Radical: Viagem ao Centro da Terra,Aventura,Ana Pereira,Editora Sextante,144.07,Livraria Lecos,63
Aventura Radical: Viagem ao Centro da Terra,Aventura,Rafael Gomes,Editora Rocco,61.34,Livraria Cultura,0
A Casa das Sombras,Terror,Carlos Souza,Editora Globo,30.4,Livraria Saraiva,21
Aventura Radical: Em Busca do Tesouro Perdido,Aventura,Thiago Fernandes,Editora Sextante,33.62,Livraria Cultura,30
Amor Eterno: A Noite das Estrelas,Romance,Fernanda Costa,Editora Sextante,61.76,Livraria Cultura,95
Revolução Científica: Mistérios do Universo,Ciência,Juliana Rocha,Editora Rocco,23.25,Livraria Cultura,16
A Última Batalha,História,Carla Dias,Editora Globo,47.41,Livraria Martins Fontes,242
Desperte Seu Poder: Superando Limites,Autoajuda,Rafael Gomes,Editora Rocco,17.58,Livraria Martins Fontes,299
Vida Incrível: O Legado de uma Lenda,Biografia,Thiago Fernandes,Editora Sextante,104.01,Livraria da Travessa,524
Vida Incrível: Histórias de Superação,Biografia,Carlos Souza,Editora Rocco,8.55,Livraria Saraiva,0
A Última Batalha,História,Fernanda Costa,Editora Globo,35.91,Livraria da Travessa,57
Além do Infinito,Ficção,Fernanda Costa,Editora Planeta,12.51,Livraria Lecos,197
Revolução Científica: Explorando o Infinito,Ciência,João Silva,Companhia das Letras,20.45,Livraria Martins Fontes,9
Aventura Radical: Os Mistérios do Deserto,Aventura,Lucas Lima,Companhia das Letras,11.78,Livraria Cultura,0
No Coração do Terror,Terror,Sofia Almeida,Editora Planeta,17.59,Livraria Lecos,47
Aventura Radical: Viagem ao Centro da Terra,Aventura,Juliana Rocha,Intrínseca,83.54,Livraria Saraiva,18
Amor Eterno: O Último Beijo,Romance,Carlos Souza,Editora Rocco,8.45,Livraria Lecos,45
Aventuras Mágicas: O Segredo da Floresta Encantada,Infantil,João Silva,Editora Record,24.42,Livraria Martins Fontes,36
O Mistério de Nova York,Suspense,Carla Dias,Editora Globo,27.9,Livraria da Travessa,3
Amor Eterno: Entre Nós,Romance,Sofia Almeida,Editora Sextante,95.26,Livraria Cultura,387
Desperte Seu Poder: Superando Limites,Autoajuda,Beatriz Nunes,Companhia das Letras,15.8,Livraria Martins Fontes,18
Amor Eterno: A Noite das Estrelas,Romance,Maria Oliveira,Editora Planeta,16.49,Livraria Saraiva,228
Futuro Agora: Conectando o Mundo,Tecnologia,Carla Dias,Editora Record,21.12,Livraria da Travessa,0
Aventuras Mágicas: A Fada e o Dragão,Infantil,Fernanda Costa,Editora Planeta,45.08,Livraria Martins Fontes,141
O Mistério de Paris,Suspense,Pedro Martins,Editora Planeta,58.73,Livraria Saraiva,35
Aventura Radical: Os Mistérios do Deserto,Aventura,Lucas Lima,Editora Record,18.66,Livraria Martins Fontes,10
Amor Eterno: O Último Beijo,Romance,Beatriz Nunes,Companhia das Letras,11.13,Livraria Lecos,96
Amor Eterno: Entre Nós,Romance,Fernanda Costa,Companhia das Letras,9.51,Livraria da Travessa,22
O Horizonte Proibido,Ficção,Carla Dias,Editora Rocco,12.66,Livraria Lecos,11
O Horizonte Proibido,Ficção,Juliana Rocha,Intrínseca,29.39,Livraria Lecos,50
A Última Batalha,História,Fernanda Costa,Companhia das Letras,93.2,Livraria da Travessa,181
A Última Batalha,História,Beatriz Nunes,Intrínseca,64.64,Livraria Lecos,47
Aventuras Mágicas: A Fada e o Dragão,Infantil,Juliana Rocha,Editora Planeta,53.41,Livraria Lecos,8
Amor Eterno: A Noite das Estrelas,Romance,Thiago Fernandes,Companhia das Letras,63.05,Livraria Cultura,218
Além do Infinito,Ficção,Juliana Rocha,Intrínseca,60.34,Livraria Fnac,8
Futuro Agora: Conectando o Mundo,Tecnologia,Beatriz Nunes,Editora Planeta,66.67,Livraria da Travessa,33
No Coração do Terror,Terror,Thiago Fernandes,Editora Planeta,12.38,Livraria Lecos,2
Aventuras Mágicas: O Segredo da Floresta Encantada,Infantil,Sofia Almeida,Editora Sextante,21.78,Livraria Fnac,116
Aventura Radical: Em Busca do Tesouro Perdido,Aventura,Fernanda Costa,Editora Globo,14.93,Livraria Lecos,502
No Coração do Terror,Terror,Gustavo Ribeiro,Editora Record,16.52,Livraria da Travessa,0
A Última Fronteira,Ficção,Carlos Souza,Companhia das Letras,21.21,Livraria Lecos,37
O Mistério de Moscou,Suspense,João Silva,Intrínseca,15.38,Livraria Lecos,108
Revolução Científica: Mistérios do Universo,Ciência,Gustavo Ribeiro,Editora Rocco,56.93,Livraria Saraiva,52
Aventura Radical: Em Busca do Tesouro Perdido,Aventura,Beatriz Nunes,Editora Rocco,31.35,Livraria Lecos,63
Amor Eterno: Entre Nós,Romance,Carla Dias,Companhia das Letras,25.32,Livraria Fnac,2
O Mistério de Nova York,Suspense,Pedro Martins,Editora Record,7.96,Livraria Martins Fontes,461
Revolução Científica: Mistérios do Universo,Ciência,Maria Oliveira,Editora Rocco,18.05,Livraria Lecos,172
Aventura Radical: Os Mistérios do Deserto,Aventura,João Silva,Editora Rocco,24.62,Livraria Fnac,28
No Coração do Terror,Terror,Gustavo Ribeiro,Editora Globo,26.91,Livraria Fnac,273
A Última Batalha,História,Pedro Martins,Companhia das Letras,133.2,Livraria Fnac,207
O Feitiço da Lua,Fantasia,Fernanda Costa,Editora Rocco,28.26,Livraria Martins Fontes,7
Nos Bastidores da História,História,Thiago Fernandes,Editora Rocco,22.84,Livraria Martins Fontes,24
Vida Incrível: O Legado de uma Lenda,Biografia,João Silva,Companhia das Letras,24.18,Livraria Lecos,0
No Coração do Terror,Terror,Ana Pereira,Editora Record,20.29,Livraria Fnac,9
O Feitiço da Lua,Fantasia,Thiago Fernandes,Editora Globo,55.54,Livraria da Travessa,72
Aventuras Mágicas: O Reino do Arco-Íris,Infantil,João Silva,Companhia das Letras,42.44,Livraria Martins Fontes,198
A Última Fronteira,Ficção,Rafael Gomes,Editora Rocco,13.61,Livraria Lecos,147
Aventuras Mágicas: A Fada e o Dragão,Infantil,Gustavo Ribeiro,Editora Record,35.42,Livraria Fnac,67
No Coração do Terror,Terror,Beatriz Nunes,Editora Planeta,15.12,Livraria Lecos,190
Os Guerreiros do Passado,História,Gustavo Ribeiro,Editora Globo,19.1,Livraria da Travessa,0
Aventura Radical: Em Busca do Tesouro Perdido,Aventura,João Silva,Companhia das Letras,57.19,Livraria da Travessa,46
No Coração do Terror,Terror,Carlos Souza,Intrínseca,28.41,Livraria da Travessa,35
O Mistério de Nova York,Suspense,João Silva,Editora Sextante,158.18,Livraria Cultura,20
Futuro Agora: Inteligência Artificial,Tecnologia,Rafael Gomes,Editora Globo,33.45,Livraria Cultura,79
Amor Eterno: Entre Nós,Romance,Pedro Martins,Editora Rocco,127.46,Livraria Martins Fontes,61
Desperte Seu Poder: Caminhos para a Felicidade,Autoajuda,Thiago Fernandes,Companhia das Letras,135.13,Livraria Cultura,31
Futuro Agora: Inteligência Artificial,Tecnologia,Gustavo Ribeiro,Editora Planeta,74.62,Livraria Cultura,161
No Coração do Terror,Terror,Ana Pereira,Intrínseca,17.54,Livraria Martins Fontes,0
Amor Eterno: O Último Beijo,Romance,Thiago Fernandes,Intrínseca,16.23,Livraria Fnac,95
Nos Bastidores da História,História,Carla Dias,Companhia das Letras,42.27,Livraria Cultura,70
Revolução Científica: Explorando o Infinito,Ciência,Gustavo Ribeiro,Companhia das Letras,20.92,Livraria da Travessa,91
No Coração do Terror,Terror,Carlos Souza,Editora Planeta,76.33,Livraria Cultura,29
No Coração do Terror,Terror,Ana Pereira,Editora Sextante,276.32,Livraria da Travessa,9
Além do Infinito,Ficção,Carla Dias,Editora Sextante,94.05,Livraria Fnac,894
A Casa das Sombras,Terror,Ana Pereira,Editora Planeta,57.38,Livraria Martins Fontes,12
O Mistério de Londres,Suspense,Maria Oliveira,Editora Record,60.3,Livraria Saraiva,88
Além do Infinito,Ficção,Lucas Lima,Editora Rocco,31.84,Livraria Saraiva,93
Vida Incrível: O Legado de uma Lenda,Biografia,Juliana Rocha,Editora Globo,27.62,Livraria Cultura,232
No Coração do Terror,Terror,Maria Oliveira,Intrínseca,5.88,Livraria Lecos,56
Aventuras Mágicas: O Reino do Arco-Íris,Infantil,Maria Oliveira,Editora Record,28.38,Livraria Lecos,0
O Feitiço da Montanha,Fantasia,Pedro Martins,Companhia das Letras,10.36,Livraria da Travessa,31
Vida Incrível: Passos para a Eternidade,Biografia,Thiago Fernandes,Editora Globo,37.58,Livraria da Travessa,118
A Última Batalha,História,Thiago Fernandes,Editora Globo,86.82,Livraria Martins Fontes,46
Aventura Radical: Os Mistérios do Deserto,Aventura,João Silva,Editora Rocco,85.43,Livraria Saraiva,0
Vida Incrível: Histórias de Superação,Biografia,Rafael Gomes,Editora Globo,18.85,Livraria Fnac,0
Vida Incrível: O Legado de uma Lenda,Biografia,Rafael Gomes,Editora Rocco,23.43,Livraria Fnac,21
Revolução Científica: O Enigma da Matéria,Ciência,Rafael Gomes,Intrínseca,11.71,Livraria da Travessa,0
Vida Incrível: Passos para a Eternidade,Biografia,Pedro Martins,Editora Record,59.98,Livraria da Travessa,3
Vida Incrível: Histórias de Superação,Biografia,Maria Oliveira,Editora Rocco,25.42,Livraria da Travessa,134
A Casa das Sombras,Terror,Thiago Fernandes,Editora Sextante,39.98,Livraria Cultura,0
Os Olhos da Noite,Terror,Carlos Souza,Editora Rocco,18.34,Livraria Fnac,42
Vida Incrível: Passos para a Eternidade,Biografia,Carlos Souza,Editora Sextante,37.8,Livraria Cultura,135
O Mistério de Londres,Suspense,Sofia Almeida,Editora Sextante,36.64,Livraria da Travessa,0
Aventura Radical: Viagem ao Centro da Terra,Aventura,Juliana Rocha,Companhia das Letras,17.72,Livraria Lecos,34
Nos Bastidores da História,História,Maria Oliveira,Editora Globo,207.6,Livraria Fnac,2
Futuro Agora: Inteligência Artificial,Tecnologia,Beatriz Nunes,Editora Rocco,215.32,Livraria Martins Fontes,25
Amor Eterno: A Noite das Estrelas,Romance,Rafael Gomes,Editora Record,22.97,Livraria Cultura,209
O Horizonte Proibido,Ficção,Maria Oliveira,Intrínseca,27.09,Livraria Martins Fontes,56
O Feitiço da Estrela,Fantasia,Carla Dias,Editora Planeta,9.11,Livraria Fnac,62
No Coração do Terror,Terror,Sofia Almeida,Editora Planeta,62.09,Livraria Lecos,6
Aventura Radical: Em Busca do Tesouro Perdido,Aventura,Juliana Rocha,Editora Rocco,48.07,Livraria Martins Fontes,48
Revolução Científica: O Enigma da Matéria,Ciência,Gustavo Ribeiro,Editora Globo,77.92,Livraria Lecos,3
Amor Eterno: A Noite das Estrelas,Romance,João Silva,Editora Globo,24.32,Livraria Fnac,33
O Mistério de Moscou,Suspense,Fernanda Costa,Editora Globo,20.27,Livraria Fnac,218
O Feitiço da Estrela,Fantasia,Pedro Martins,Editora Planeta,37.36,Livraria Fnac,80
Os Guerreiros do Passado,História,Beatriz Nunes,Editora Record,370.57,Livraria da Travessa,4
Revolução Científica: Explorando o Infinito,Ciência,Beatriz Nunes,Intrínseca,9.81,Livraria Cultura,0
Desperte Seu Poder: Caminhos para a Felicidade,Autoajuda,Beatriz Nunes,Editora Planeta,92.61,Livraria Fnac,25
A Casa das Sombras,Terror,Carla Dias,Intrínseca,25.29,Livraria Saraiva,33
Desperte Seu Poder: Superando Limites,Autoajuda,Rafael Gomes,Companhia das Letras,29.89,Livraria Martins Fontes,123
Revolução Científica: O Enigma da Matéria,Ciência,Carlos Souza,Companhia das Letras,12.0,Livraria Cultura,27
Desperte Seu Poder: Caminhos para a Felicidade,Autoajuda,Carlos Souza,Editora Sextante,40.78,Livraria Fnac,4
Vida Incrível: O Legado de uma Lenda,Biografia,Thiago Fernandes,Editora Record,21.68,Livraria Fnac,137
O Mistério de Londres,Suspense,Rafael Gomes,Editora Sextante,34.16,Livraria Saraiva,107
Revolução Científica: Explorando o Infinito,Ciência,Carla Dias,Intrínseca,10.72,Livraria da Travessa,251
Futuro Agora: Inteligência Artificial,Tecnologia,Pedro Martins,Editora Record,34.83,Livraria Martins Fontes,49
O Horizonte Proibido,Ficção,Gustavo Ribeiro,Editora Globo,50.4,Livraria Martins Fontes,200
Amor Eterno: Corações em Chamas,Romance,Carlos Souza,Editora Sextante,35.26,Livraria Martins Fontes,45
A Última Batalha,História,Juliana Rocha,Editora Sextante,10.91,Livraria Cultura,119
Além do Infinito,Ficção,Carlos Souza,Editora Rocco,21.79,Livraria Lecos,0
Amor Eterno: Corações em Chamas,Romance,Lucas Lima,Editora Planeta,50.62,Livraria Martins Fontes,6
Amor Eterno: A Noite das Estrelas,Romance,Thiago Fernandes,Editora Record,134.64,Livraria Fnac,0
Os Olhos da Noite,Terror,Pedro Martins,Editora Rocco,60.52,Livraria Cultura,331
O Mistério de Londres,Suspense,Juliana Rocha,Editora Sextante,21.37,Livraria da Travessa,0
O Feitiço da Estrela,Fantasia,Gustavo Ribeiro,Companhia das Letras,21.18,Livraria Martins Fontes,45
Aventura Radical: Viagem ao Centro da Terra,Aventura,Maria Oliveira,Editora Rocco,75.27,Livraria Martins Fontes,7
Os Guerreiros do Passado,História,Thiago Fernandes,Editora Record,59.45,Livraria Cultura,348
Desperte Seu Poder: Superando Limites,Autoajuda,Thiago Fernandes,Companhia das Letras,12.74,Livraria Cultura,18
Revolução Científica: O Enigma da Matéria,Ciência,Pedro Martins,Intrínseca,31.69,Livraria Martins Fontes,53
A Última Batalha,História,Pedro Martins,Intrínseca,48.9,Livraria Fnac,25
O Mistério de Nova York,Suspense,Pedro Martins,Editora Sextante,10.52,Livraria Saraiva,4
A Última Batalha,História,Lucas Lima,Editora Globo,21.21,Livraria Martins Fontes,15
O Mistério de Londres,Suspense,Maria Oliveira,Editora Globo,310.04,Livraria Fnac,0
Revolução Científica: Mistérios do Universo,Ciência,Ana Pereira,Intrínseca,114.83,Livraria da Travessa,26
Aventura Radical: Os Mistérios do Deserto,Aventura,Juliana Rocha,Editora Record,45.06,Livraria da Travessa,0
Desperte Seu Poder: Superando Limites,Autoajuda,Beatriz Nunes,Editora Sextante,26.8,Livraria Martins Fontes,1
Desperte Seu Poder: Caminhos para a Felicidade,Autoajuda,João Silva,Editora Sextante,42.22,Livraria Fnac,197
Vida Incrível: Histórias de Superação,Biografia,Carla Dias,Editora Rocco,31.43,Livraria Lecos,244
Revolução Científica: O Enigma da Matéria,Ciência,Fernanda Costa,Editora Record,21.98,Livraria da Travessa,12
O Feitiço da Montanha,Fantasia,Lucas Lima,Companhia das Letras,30.64,Livraria Fnac,349
O Feitiço da Lua,Fantasia,Sofia Almeida,Editora Sextante,40.56,Livraria Cultura,2
Futuro Agora: Conectando o Mundo,Tecnologia,Lucas Lima,Editora Rocco,31.34,Livraria da Travessa,8
A Última Fronteira,Ficção,Carlos Souza,Intrínseca,35.0,Livraria da Travessa,15
Desperte Seu Poder: Vença o Medo,Autoajuda,Lucas Lima,Editora Sextante,16.36,Livraria Lecos,41
Revolução Científica: O Enigma da Matéria,Ciência,João Silva,Editora Record,38.08,Livraria Lecos,22
Aventura Radical: Viagem ao Centro da Terra,Aventura,Carlos Souza,Editora Record,65.07,Livraria Saraiva,0
Revolução Científica: Mistérios do Universo,Ciência,Lucas Lima,Editora Planeta,32.67,Livraria Fnac,3
Desperte Seu Poder: Caminhos para a Felicidade,Autoajuda,João Silva,Editora Sextante,42.43,Livraria Lecos,17
O Feitiço da Chama,Fantasia,Carlos Souza,Editora Rocco,89.55,Livraria Fnac,141
Desperte Seu Poder: Superando Limites,Autoajuda,Sofia Almeida,Editora Planeta,59.45,Livraria Cultura,8
Os Olhos da Noite,Terror,Maria Oliveira,Editora Planeta,6.78,Livraria Cultura,379
No Coração do Terror,Terror,Beatriz Nunes,Editora Sextante,71.93,Livraria Lecos,0
Amor Eterno: A Noite das Estrelas,Romance,Gustavo Ribeiro,Editora Planeta,18.42,Livraria Martins Fontes,202
Futuro Agora: Conectando o Mundo,Tecnologia,João Silva,Intrínseca,63.04,Livraria Fnac,0
Os Guerreiros do Passado,História,João Silva,Editora Rocco,33.3,Livraria da Travessa,13
O Feitiço da Lua,Fantasia,Thiago Fernandes,Intrínseca,14.3,Livraria Fnac,707
Aventuras Mágicas: A Fada e o Dragão,Infantil,Rafael Gomes,Intrínseca,88.15,Livraria Martins Fontes,112
Desperte Seu Poder: Caminhos para a Felicidade,Autoajuda,Rafael Gomes,Editora Planeta,9.9,Livraria Martins Fontes,3
Vida Incrível: Histórias de Superação,Biografia,Maria Oliveira,Intrínseca,47.91,Livraria Lecos,335
O Mistério de Paris,Suspense,Gustavo Ribeiro,Editora Globo,11.87,Livraria Cultura,67
Os Olhos da Noite,Terror,Gustavo Ribeiro,Editora Planeta,52.1,Livraria da Travessa,13
Revolução Científica: Explorando o Infinito,Ciência,Beatriz Nunes,Intrínseca,77.38,Livraria Saraiva,53
Revolução Científica: O Enigma da Matéria,Ciência,Ana Pereira,Editora Planeta,16.99,Livraria Fnac,44
Desperte Seu Poder: Vença o Medo,Autoajuda,Juliana Rocha,Editora Sextante,23.44,Livraria Fnac,64
Aventura Radical: Viagem ao Centro da Terra,Aventura,Juliana Rocha,Editora Globo,12.46,Livraria Lecos,67
Os Olhos da Noite,Terror,Lucas Lima,Companhia das Letras,18.75,Livraria da Travessa,42
Vida Incrível: O Legado de uma Lenda,Biografia,Sofia Almeida,Editora Planeta,123.64,Livraria Cultura,65
Futuro Agora: Inteligência Artificial,Tecnologia,Carlos Souza,Intrínseca,21.09,Livraria Martins Fontes,0
Aventura Radical: Em Busca do Tesouro Perdido,Aventura,Rafael Gomes,Companhia das Letras,75.54,Livraria Fnac,66
O Feitiço da Chama,Fantasia,Rafael Gomes,Intrínseca,226.66,Livraria Cultura,0
Revolução Científica: O Enigma da Matéria,Ciência,João Silva,Companhia das Letras,14.8,Livraria da Travessa,60
Aventuras Mágicas: A Fada e o Dragão,Infantil,Fernanda Costa,Companhia das Letras,18.5,Livraria Fnac,46
Amor Eterno: A Noite das Estrelas,Romance,Carla Dias,Editora Globo,14.11,Livraria Saraiva,41
Amor Eterno: Entre Nós,Romance,Carla Dias,Editora Record,14.85,Livraria Fnac,0
Vida Incrível: Histórias de Superação,Biografia,Carla Dias,Intrínseca,16.14,Livraria Martins Fontes,0
A Última Fronteira,Ficção,Juliana Rocha,Editora Record,60.77,Livraria Martins Fontes,284
O Feitiço da Montanha,Fantasia,Beatriz Nunes,Editora Rocco,72.96,Livraria Lecos,27
O Feitiço da Estrela,Fantasia,Pedro Martins,Editora Record,132.87,Livraria da Travessa,13
Os Guerreiros do Passado,História,Maria Oliveira,Editora Rocco,13.99,Livraria Fnac,5
Amor Eterno: A Noite das Estrelas,Romance,Carlos Souza,Editora Rocco,24.76,Livraria da Travessa,84
O Mistério de Moscou,Suspense,Carlos Souza,Editora Rocco,12.64,Livraria Lecos,30
A Última Batalha,História,Lucas Lima,Intrínseca,11.27,Livraria Lecos,0
Aventuras Mágicas: A Fada e o Dragão,Infantil,Lucas Lima,Editora Globo,36.09,Livraria Martins Fontes,0
Futuro Agora: Conectando o Mundo,Tecnologia,Gustavo Ribeiro,Editora Record,20.11,Livraria Cultura,0
Revolução Científica: Explorando o Infinito,Ciência,Rafael Gomes,Editora Record,8.33,Livraria Cultura,76
Amor Eterno: A Noite das Estrelas,Romance,Maria Oliveira,Editora Planeta,84.99,Livraria Cultura,1
Revolução Científica: O Enigma da Matéria,Ciência,Thiago Fernandes,Editora Rocco,63.88,Livraria da Travessa,26
Aventura Radical: Em Busca do Tesouro Perdido,Aventura,Gustavo Ribeiro,Editora Sextante,65.0,Livraria Saraiva,31
Os Guerreiros do Passado,História,Gustavo Ribeiro,Companhia das Letras,50.01,Livraria Cultura,12
Nos Bastidores da História,História,Thiago Fernandes,Editora Planeta,47.08,Livraria Saraiva,262
Além do Infinito,Ficção,Juliana Rocha,Editora Globo,56.83,Livraria Lecos,196
Aventuras Mágicas: A Fada e o Dragão,Infantil,Gustavo Ribeiro,Editora Planeta,33.13,Livraria da Travessa,7
O Mistério de Londres,Suspense,Rafael Gomes,Companhia das Letras,31.12,Livraria da Travessa,76
A Casa das Sombras,Terror,Lucas Lima,Editora Globo,33.7,Livraria Lecos,6
O Feitiço da Montanha,Fantasia,Juliana Rocha,Editora Sextante,69.77,Livraria Martins Fontes,47
Aventuras Mágicas: O Reino do Arco-Íris,Infantil,Rafael Gomes,Intrínseca,32.25,Livraria da Travessa,5
Futuro Agora: Inteligência Artificial,Tecnologia,Maria Oliveira,Editora Sextante,11.91,Livraria Lecos,473
Revolução Científica: Explorando o Infinito,Ciência,Lucas Lima,Intrínseca,35.31,Livraria Martins Fontes,418
Futuro Agora: Inteligência Artificial,Tecnologia,Sofia Almeida,Intrínseca,45.07,Livraria da Travessa,107
Aventuras Mágicas: O Reino do Arco-Íris,Infantil,Sofia Almeida,Editora Planeta,65.22,Livraria Martins Fontes,47
Aventuras Mágicas: O Segredo da Floresta Encantada,Infantil,Lucas Lima,Editora Sextante,18.12,Livraria Saraiva,119
Nos Bastidores da História,História,Juliana Rocha,Editora Planeta,19.86,Livraria Cultura,3
Aventura Radical: Viagem ao Centro da Terra,Aventura,Thiago Fernandes,Companhia das Letras,40.38,Livraria da Travessa,61
O Mistério de Moscou,Suspense,Rafael Gomes,Editora Record,9.35,Livraria Lecos,0
Futuro Agora: Conectando o Mundo,Tecnologia,Carla Dias,Editora Record,4.76,Livraria Fnac,0
Além do Infinito,Ficção,Lucas Lima,Editora Sextante,53.66,Livraria Martins Fontes,28
Futuro Agora: Conectando o Mundo,Tecnologia,Pedro Martins,Editora Record,23.01,Livraria Martins Fontes,105
Vida Incrível: Passos para a Eternidade,Biografia,Sofia Almeida,Editora Rocco,35.55,Livraria Cultura,14
Vida Incrível: O Legado de uma Lenda,Biografia,Fernanda Costa,Editora Globo,30.88,Livraria Fnac,159
Aventuras Mágicas: A Fada e o Dragão,Infantil,Pedro Martins,Intrínseca,41.77,Livraria da Travessa,0
Futuro Agora: Conectando o Mundo,Tecnologia,Sofia Almeida,Editora Planeta,33.79,Livraria Saraiva,70
Amor Eterno: Corações em Chamas,Romance,Sofia Almeida,Editora Record,66.76,Livraria Fnac,0
Vida Incrível: Passos para a Eternidade,Biografia,Pedro Martins,Editora Globo,23.58,Livraria Cultura,0
Desperte Seu Poder: Superando Limites,Autoajuda,Rafael Gomes,Editora Sextante,66.3,Livraria da Travessa,0
Vida Incrível: O Legado de uma Lenda,Biografia,Carla Dias,Editora Planeta,6.22,Livraria Saraiva,32
O Feitiço da Lua,Fantasia,Fernanda Costa,Editora Rocco,26.73,Livraria Martins Fontes,0
Aventura Radical: Em Busca do Tesouro Perdido,Aventura,João Silva,Editora Record,11.28,Livraria Cultura,0
O Mistério de Nova York,Suspense,Gustavo Ribeiro,Editora Globo,100.93,Livraria Saraiva,0
Aventuras Mágicas: O Reino do Arco-Íris,Infantil,Thiago Fernandes,Editora Record,18.82,Livraria Cultura,124
A Casa das Sombras,Terror,Juliana Rocha,Editora Record,12.35,Livraria Martins Fontes,15
Futuro Agora: Conectando o Mundo,Tecnologia,Rafael Gomes,Editora Sextante,74.51,Livraria da Travessa,39
A Última Fronteira,Ficção,Pedro Martins,Companhia das Letras,23.28,Livraria da Travessa,18
Futuro Agora: Conectando o Mundo,Tecnologia,Juliana Rocha,Intrínseca,6.36,Livraria Cultura,17
A Casa das Sombras,Terror,Carlos Souza,Editora Sextante,49.4,Livraria Martins Fontes,7
Vida Incrível: O Legado de uma Lenda,Biografia,Thiago Fernandes,Editora Planeta,34.79,Livraria Saraiva,73
Amor Eterno: Corações em Chamas,Romance,Lucas Lima,Intrínseca,30.55,Livraria Lecos,0
O Mistério de Paris,Suspense,Fernanda Costa,Editora Sextante,81.61,Livraria Lecos,112
O Feitiço da Estrela,Fantasia,Carla Dias,Editora Record,19.93,Livraria Lecos,40
Amor Eterno: Entre Nós,Romance,Gustavo Ribeiro,Editora Planeta,13.29,Livraria Saraiva,35
Amor Eterno: Entre Nós,Romance,João Silva,Intrínseca,25.97,Livraria Martins Fontes,282
Desperte Seu Poder: Caminhos para a Felicidade,Autoajuda,João Silva,Editora Sextante,37.19,Livraria Fnac,66
Desperte Seu Poder: Superando Limites,Autoajuda,Thiago Fernandes,Editora Planeta,107.22,Livraria da Travessa,16
Aventura Radical: Os Mistérios do Deserto,Aventura,Gustavo Ribeiro,Intrínseca,16.33,Livraria Cultura,3
Vida Incrível: O Legado de uma Lenda,Biografia,Carla Dias,Intrínseca,65.22,Livraria da Travessa,330
Revolução Científica: Explorando o Infinito,Ciência,Fernanda Costa,Editora Globo,71.37,Livraria da Travessa,133
Os Guerreiros do Passado,História,Maria Oliveira,Editora Sextante,15.64,Livraria Lecos,0
Vida Incrível: O Legado de uma Lenda,Biografia,Pedro Martins,Intrínseca,12.74,Livraria Lecos,16
Vida Incrível: O Legado de uma Lenda,Biografia,Ana Pereira,Companhia das Letras,45.56,Livraria Fnac,151
A Casa das Sombras,Terror,Rafael Gomes,Intrínseca,23.42,Livraria da Travessa,0
Revolução Científica: O Enigma da Matéria,Ciência,João Silva,Intrínseca,12.16,Livraria Lecos,0
Aventuras Mágicas: O Segredo da Floresta Encantada,Infantil,Gustavo Ribeiro,Editora Globo,23.66,Livraria Saraiva,3
O Feitiço da Estrela,Fantasia,Carla Dias,Editora Rocco,47.06,Livraria Cultura,11
Vida Incrível: O Legado de uma Lenda,Biografia,Gustavo Ribeiro,Editora Record,29.51,Livraria Fnac,56
Aventuras Mágicas: A Fada e o Dragão,Infantil,Beatriz Nunes,Editora Globo,51.17,Livraria Martins Fontes,0
Além do Infinito,Ficção,Pedro Martins,Editora Sextante,63.72,Livraria Lecos,56
Amor Eterno: Corações em Chamas,Romance,Carlos Souza,Companhia das Letras,32.52,Livraria da Travessa,218
Os Guerreiros do Passado,História,Fernanda Costa,Editora Sextante,86.47,Livraria Martins Fontes,395
A Última Batalha,História,Juliana Rocha,Companhia das Letras,28.47,Livraria Saraiva,5
Além do Infinito,Ficção,Ana Pereira,Intrínseca,221.55,Livraria da Travessa,28
Futuro Agora: Conectando o Mundo,Tecnologia,Fernanda Costa,Editora Record,70.92,Livraria Martins Fontes,53
Aventuras Mágicas: A Fada e o Dragão,Infantil,Sofia Almeida,Editora Globo,8.44,Livraria Martins Fontes,0
Vida Incrível: Passos para a Eternidade,Biografia,João Silva,Intrínseca,91.49,Livraria Cultura,116
Vida Incrível: Passos para a Eternidade,Biografia,Beatriz Nunes,Editora Planeta,53.23,Livraria Saraiva,7
O Feitiço da Estrela,Fantasia,Lucas Lima,Editora Sextante,18.13,Livraria Saraiva,392
O Mistério de Paris,Suspense,Sofia Almeida,Intrínseca,7.62,Livraria Fnac,137
O Feitiço da Chama,Fantasia,Pedro Martins,Intrínseca,52.08,Livraria Saraiva,0
A Última Batalha,História,Thiago Fernandes,Editora Sextante,31.19,Livraria Saraiva,86
Amor Eterno: Corações em Chamas,Romance,Sofia Almeida,Editora Sextante,57.17,Livraria Lecos,438
Aventuras Mágicas: A Fada e o Dragão,Infantil,Carlos Souza,Editora Planeta,55.37,Livraria da Travessa,0
Desperte Seu Poder: Superando Limites,Autoajuda,Lucas Lima,Editora Planeta,49.45,Livraria Lecos,195
Além do Infinito,Ficção,Lucas Lima,Editora Globo,47.69,Livraria da Travessa,263
Aventura Radical: Em Busca do Tesouro Perdido,Aventura,Pedro Martins,Editora Record,18.2,Livraria Martins Fontes,0
Vida Incrível: Passos para a Eternidade,Biografia,Carlos Souza,Editora Record,19.37,Livraria Lecos,320
Revolução Científica: Mistérios do Universo,Ciência,Gustavo Ribeiro,Editora Globo,71.2,Livraria Fnac,228
Os Olhos da Noite,Terror,Ana Pereira,Editora Rocco,40.99,Livraria Martins Fontes,0
O Mistério de Londres,Suspense,Gustavo Ribeiro,Companhia das Letras,18.66,Livraria Fnac,63
Desperte Seu Poder: Caminhos para a Felicidade,Autoajuda,Sofia Almeida,Editora Globo,19.75,Livraria Lecos,247
Vida Incrível: Histórias de Superação,Biografia,Ana Pereira,Editora Globo,37.83,Livraria Lecos,0
Os Guerreiros do Passado,História,Carla Dias,Companhia das Letras,16.11,Livraria Cultura,25
O Feitiço da Estrela,Fantasia,Pedro Martins,Intrínseca,64.87,Livraria Martins Fontes,167
Aventuras Mágicas: O Reino do Arco-Íris,Infantil,Sofia Almeida,Companhia das Letras,190.0,Livraria Saraiva,248
Os Guerreiros do Passado,História,Beatriz Nunes,Companhia das Letras,14.89,Livraria Martins Fontes,2
Aventura Radical: Os Mistérios do Deserto,Aventura,Carla Dias,Editora Planeta,174.18,Livraria Cultura,0
Aventuras Mágicas: O Reino do Arco-Íris,Infantil,Maria Oliveira,Editora Planeta,33.52,Livraria Saraiva,0
Revolução Científica: O Enigma da Matéria,Ciência,Lucas Lima,Intrínseca,21.85,Livraria Lecos,0
Os Olhos da Noite,Terror,João Silva,Editora Planeta,18.65,Livraria Saraiva,6
A Última Batalha,História,Fernanda Costa,Editora Globo,85.41,Livraria Martins Fontes,244
Vida Incrível: Histórias de Superação,Biografia,Rafael Gomes,Intrínseca,124.31,Livraria Lecos,174
Vida Incrível: O Legado de uma Lenda,Biografia,Rafael Gomes,Intrínseca,39.24,Livraria Saraiva,111
Aventuras Mágicas: O Segredo da Floresta Encantada,Infantil,Pedro Martins,Companhia das Letras,24.62,Livraria Martins Fontes,0
Revolução Científica: Explorando o Infinito,Ciência,Thiago Fernandes,Editora Planeta,32.8,Livraria Fnac,101
Futuro Agora: Conectando o Mundo,Tecnologia,Rafael Gomes,Intrínseca,94.34,Livraria Saraiva,190
Desperte Seu Poder: Caminhos para a Felicidade,Autoajuda,Pedro Martins,Intrínseca,40.34,Livraria da Travessa,0
Amor Eterno: Corações em Chamas,Romance,Lucas Lima,Editora Record,112.29,Livraria Lecos,0
Os Guerreiros do Passado,História,Carlos Souza,Editora Rocco,14.32,Livraria Fnac,199
Vida Incrível: Passos para a Eternidade,Biografia,Ana Pereira,Editora Globo,25.46,Livraria Saraiva,0
Desperte Seu Poder: Caminhos para a Felicidade,Autoajuda,Rafael Gomes,Editora Globo,61.54,Livraria Lecos,647
O Mistério de Paris,Suspense,Lucas Lima,Editora Record,25.48,Livraria Fnac,2
A Última Fronteira,Ficção,Thiago Fernandes,Editora Globo,82.12,Livraria Lecos,49
Revolução Científica: Mistérios do Universo,Ciência,Sofia Almeida,Editora Planeta,47.59,Livraria Martins Fontes,69
Desperte Seu Poder: Vença o Medo,Autoajuda,Rafael Gomes,Editora Record,137.12,Livraria da Travessa,98
Amor Eterno: A Noite das Estrelas,Romance,Carlos Souza,Companhia das Letras,66.78,Livraria Fnac,0
Vida Incrível: Passos para a Eternidade,Biografia,Gustavo Ribeiro,Editora Planeta,18.35,Livraria Saraiva,83
No Coração do Terror,Terror,Maria Oliveira,Intrínseca,26.51,Livraria Cultura,28
Desperte Seu Poder: Caminhos para a Felicidade,Autoajuda,Ana Pereira,Editora Rocco,64.99,Livraria Saraiva,17
Aventura Radical: Os Mistérios do Deserto,Aventura,Rafael Gomes,Editora Record,28.36,Livraria Fnac,9
Aventuras Mágicas: O Reino do Arco-Íris,Infantil,Carla Dias,Editora Rocco,54.66,Livraria Cultura,14
Desperte Seu Poder: Vença o Medo,Autoajuda,João Silva,Editora Globo,33.32,Livraria Lecos,106
Aventura Radical: Os Mistérios do Deserto,Aventura,Rafael Gomes,Editora Record,17.46,Livraria Saraiva,108
Além do Infinito,Ficção,Lucas Lima,Editora Sextante,500.0,Livraria Saraiva,349
Além do Infinito,Ficção,Maria Oliveira,Editora Sextante,6.61,Livraria Lecos,8
Os Olhos da Noite,Terror,Sofia Almeida,Editora Record,21.52,Livraria da Travessa,181
O Feitiço da Chama,Fantasia,Lucas Lima,Companhia das Letras,14.99,Livraria Fnac,693
Aventura Radical: Os Mistérios do Deserto,Aventura,Sofia Almeida,Editora Record,94.56,Livraria Martins Fontes,0
A Casa das Sombras,Terror,Beatriz Nunes,Editora Globo,8.73,Livraria Fnac,2
Desperte Seu Poder: Vença o Medo,Autoajuda,Lucas Lima,Companhia das Letras,38.86,Livraria da Travessa,15
O Feitiço da Montanha,Fantasia,Juliana Rocha,Intrínseca,64.06,Livraria Saraiva,0
Aventura Radical: Viagem ao Centro da Terra,Aventura,Fernanda Costa,Companhia das Letras,60.69,Livraria Martins Fontes,693
O Horizonte Proibido,Ficção,Beatriz Nunes,Intrínseca,28.31,Livraria Saraiva,21
O Horizonte Proibido,Ficção,Rafael Gomes,Companhia das Letras,55.16,Livraria Martins Fontes,19
Revolução Científica: Mistérios do Universo,Ciência,Gustavo Ribeiro,Companhia das Letras,34.62,Livraria da Travessa,71
Desperte Seu Poder: Caminhos para a Felicidade,Autoajuda,Fernanda Costa,Editora Record,62.25,Livraria da Travessa,345
Futuro Agora: Inteligência Artificial,Tecnologia,João Silva,Editora Planeta,35.91,Livraria Saraiva,74
Aventura Radical: Os Mistérios do Deserto,Aventura,Gustavo Ribeiro,Editora Record,30.6,Livraria Fnac,0
Revolução Científica: O Enigma da Matéria,Ciência,Sofia Almeida,Intrínseca,27.15,Livraria Fnac,2
O Feitiço da Sombra,Fantasia,Gustavo Ribeiro,Editora Rocco,22.98,Livraria Fnac,266
Desperte Seu Poder: Superando Limites,Autoajuda,Maria Oliveira,Editora Record,5.14,Livraria Martins Fontes,31
Desperte Seu Poder: Caminhos para a Felicidade,Autoajuda,Maria Oliveira,Editora Globo,16.98,Livraria Martins Fontes,39
Os Olhos da Noite,Terror,Maria Oliveira,Editora Record,76.45,Livraria Cultura,0
A Última Fronteira,Ficção,Carlos Souza,Editora Planeta,107.72,Livraria Martins Fontes,37
O Mistério de Londres,Suspense,João Silva,Editora Record,30.6,Livraria da Travessa,36
O Mistério de Nova York,Suspense,Beatriz Nunes,Intrínseca,47.82,Livraria da Travessa,447
Amor Eterno: Corações em Chamas,Romance,Beatriz Nunes,Editora Planeta,19.11,Livraria Fnac,0
No Coração do Terror,Terror,Gustavo Ribeiro,Editora Record,37.85,Livraria Martins Fontes,0
O Horizonte Proibido,Ficção,Sofia Almeida,Editora Globo,4.33,Livraria Cultura,0
O Feitiço da Estrela,Fantasia,Beatriz Nunes,Editora Sextante,71.12,Livraria Saraiva,77
Futuro Agora: Conectando o Mundo,Tecnologia,Rafael Gomes,Editora Globo,17.97,Livraria da Travessa,203
Amor Eterno: Corações em Chamas,Romance,Beatriz Nunes,Intrínseca,18.98,Livraria Fnac,28
O Feitiço da Chama,Fantasia,João Silva,Companhia das Letras,19.47,Livraria da Travessa,229
Futuro Agora: Inteligência Artificial,Tecnologia,Rafael Gomes,Editora Rocco,117.95,Livraria Cultura,104
Nos Bastidores da História,História,Lucas Lima,Editora Record,21.53,Livraria Martins Fontes,222
O Horizonte Proibido,Ficção,João Silva,Editora Sextante,36.61,Livraria Lecos,0
Aventuras Mágicas: A Fada e o Dragão,Infantil,Lucas Lima,Companhia das Letras,32.42,Livraria Fnac,56
O Mistério de Nova York,Suspense,Carlos Souza,Editora Sextante,78.25,Livraria da Travessa,7
Aventuras Mágicas: O Reino do Arco-Íris,Infantil,Carlos Souza,Editora Sextante,22.12,Livraria Fnac,182
Os Guerreiros do Passado,História,Carla Dias,Editora Record,14.65,Livraria Cultura,21
Vida Incrível: Histórias de Superação,Biografia,João Silva,Editora Globo,73.55,Livraria da Travessa,1
Futuro Agora: Revolução Digital,Tecnologia,Carla Dias,Intrínseca,34.71,Livraria Saraiva,0
O Feitiço da Chama,Fantasia,Pedro Martins,Editora Rocco,152.39,Livraria Martins Fontes,360
Vida Incrível: O Legado de uma Lenda,Biografia,Ana Pereira,Editora Record,10.2,Livraria Lecos,4
O Feitiço da Montanha,Fantasia,Sofia Almeida,Editora Globo,7.71,Livraria Fnac,139
Além do Infinito,Ficção,Fernanda Costa,Editora Record,31.73,Livraria Fnac,60
O Mistério de Moscou,Suspense,Carlos Souza,Editora Sextante,29.39,Livraria da Travessa,89
Além do Infinito,Ficção,Sofia Almeida,Editora Rocco,20.74,Livraria Martins Fontes,70
Futuro Agora: Inteligência Artificial,Tecnologia,Ana Pereira,Companhia das Letras,30.85,Livraria Cultura,29
Desperte Seu Poder: Vença o Medo,Autoajuda,Juliana Rocha,Editora Record,17.31,Livraria Martins Fontes,28
O Feitiço da Sombra,Fantasia,Lucas Lima,Editora Record,22.64,Livraria Martins Fontes,0
Além do Infinito,Ficção,Maria Oliveira,Intrínseca,11.41,Livraria Saraiva,0
Desperte Seu Poder: Caminhos para a Felicidade,Autoajuda,Beatriz Nunes,Companhia das Letras,5.75,Livraria Fnac,297
Desperte Seu Poder: Superando Limites,Autoajuda,Rafael Gomes,Intrínseca,70.34,Livraria da Travessa,149
Vida Incrível: O Legado de uma Lenda,Biografia,Lucas Lima,Editora Rocco,27.6,Livraria Lecos,0
Amor Eterno: Corações em Chamas,Romance,João Silva,Editora Record,54.39,Livraria da Travessa,27
A Casa das Sombras,Terror,Beatriz Nunes,Companhia das Letras,115.76,Livraria da Travessa,4
A Última Batalha,História,Thiago Fernandes,Editora Record,35.31,Livraria Lecos,0
O Feitiço da Sombra,Fantasia,Juliana Rocha,Editora Globo,7.76,Livraria Cultura,63
O Mistério de Nova York,Suspense,Beatriz Nunes,Editora Planeta,65.03,Livraria Saraiva,50
Amor Eterno: A Noite das Estrelas,Romance,Carla Dias,Intrínseca,95.17,Livraria Saraiva,0
Aventuras Mágicas: O Reino do Arco-Íris,Infantil,Pedro Martins,Editora Sextante,19.0,Livraria Cultura,560
Desperte Seu Poder: Superando Limites,Autoajuda,Ana Pereira,Companhia das Letras,9.15,Livraria Saraiva,234
Desperte Seu Poder: Superando Limites,Autoajuda,Beatriz Nunes,Editora Rocco,199.8,Livraria Lecos,38
Aventuras Mágicas: A Fada e o Dragão,Infantil,Rafael Gomes,Editora Rocco,50.63,Livraria Martins Fontes,55
Vida Incrível: O Legado de uma Lenda,Biografia,Ana Pereira,Editora Planeta,17.87,Livraria Cultura,2
O Feitiço da Chama,Fantasia,Maria Oliveira,Editora Sextante,48.68,Livraria Lecos,169
A Última Fronteira,Ficção,Rafael Gomes,Editora Rocco,8.35,Livraria Martins Fontes,19
Vida Incrível: Histórias de Superação,Biografia,Lucas Lima,Editora Sextante,69.09,Livraria Fnac,78
Amor Eterno: Entre Nós,Romance,Lucas Lima,Editora Globo,25.78,Livraria Cultura,64
O Mistério de Londres,Suspense,Fernanda Costa,Editora Globo,100.97,Livraria Cultura,86
Aventura Radical: Em Busca do Tesouro Perdido,Aventura,Rafael Gomes,Editora Planeta,30.43,Livraria da Travessa,0
Futuro Agora: Revolução Digital,Tecnologia,Ana Pereira,Intrínseca,59.31,Livraria Lecos,176
Vida Incrível: O Legado de uma Lenda,Biografia,Gustavo Ribeiro,Editora Globo,39.64,Livraria Cultura,171
Além do Infinito,Ficção,Beatriz Nunes,Editora Rocco,17.56,Livraria Lecos,171
A Última Batalha,História,Carlos Souza,Companhia das Letras,85.61,Livraria Fnac,21
O Mistério de Paris,Suspense,Lucas Lima,Editora Planeta,25.46,Livraria Martins Fontes,0
Vida Incrível: O Legado de uma Lenda,Biografia,Juliana Rocha,Editora Planeta,43.48,Livraria da Travessa,353
Aventuras Mágicas: O Reino do Arco-Íris,Infantil,Rafael Gomes,Intrínseca,34.25,Livraria Cultura,0
Desperte Seu Poder: Superando Limites,Autoajuda,Carlos Souza,Editora Globo,14.1,Livraria Fnac,3
O Feitiço da Sombra,Fantasia,Gustavo Ribeiro,Editora Planeta,122.45,Livraria Martins Fontes,141
Aventura Radical: Os Mistérios do Deserto,Aventura,Gustavo Ribeiro,Companhia das Letras,27.97,Livraria Lecos,207
Amor Eterno: Entre Nós,Romance,Maria Oliveira,Editora Globo,40.31,Livraria Saraiva,42
Amor Eterno: O Último Beijo,Romance,Carla Dias,Editora Rocco,7.3,Livraria Saraiva,283
Amor Eterno: Entre Nós,Romance,Sofia Almeida,Companhia das Letras,54.17,Livraria Cultura,0
Amor Eterno: Corações em Chamas,Romance,Sofia Almeida,Editora Planeta,87.49,Livraria Lecos,0
Revolução Científica: Explorando o Infinito,Ciência,Ana Pereira,Editora Sextante,60.57,Livraria Lecos,134
Os Olhos da Noite,Terror,Beatriz Nunes,Companhia das Letras,48.31,Livraria Saraiva,4
Desperte Seu Poder: Vença o Medo,Autoajuda,Carla Dias,Companhia das Letras,82.26,Livraria Martins Fontes,135
A Última Batalha,História,Carlos Souza,Intrínseca,83.59,Livraria Cultura,23
Revolução Científica: O Enigma da Matéria,Ciência,Lucas Lima,Companhia das Letras,30.44,Livraria Fnac,0
Amor Eterno: A Noite das Estrelas,Romance,Thiago Fernandes,Editora Globo,26.18,Livraria Saraiva,0
Futuro Agora: Revolução Digital,Tecnologia,Pedro Martins,Editora Record,43.36,Livraria Saraiva,142
Aventuras Mágicas: O Reino do Arco-Íris,Infantil,Sofia Almeida,Editora Planeta,29.91,Livraria Cultura,0
Futuro Agora: Revolução Digital,Tecnologia,Thiago Fernandes,Companhia das Letras,12.59,Livraria da Travessa,89
Vida Incrível: O Legado de uma Lenda,Biografia,Pedro Martins,Editora Globo,35.51,Livraria Cultura,13
Aventuras Mágicas: O Segredo da Floresta Encantada,Infantil,Carla Dias,Editora Globo,13.69,Livraria Fnac,19
Amor Eterno: O Último Beijo,Romance,Maria Oliveira,Editora Globo,77.99,Livraria Lecos,212
Os Olhos da Noite,Terror,Gustavo Ribeiro,Companhia das Letras,33.8,Livraria Cultura,233
Revolução Científica: Mistérios do Universo,Ciência,Maria Oliveira,Editora Sextante,21.81,Livraria Cultura,170
Os Olhos da Noite,Terror,Carla Dias,Intrínseca,46.65,Livraria Martins Fontes,230
Amor Eterno: O Último Beijo,Romance,Sofia Almeida,Editora Rocco,33.43,Livraria Lecos,0
Desperte Seu Poder: Superando Limites,Autoajuda,Ana Pereira,Companhia das Letras,13.94,Livraria Cultura,0
Desperte Seu Poder: Superando Limites,Autoajuda,Carla Dias,Companhia das Letras,25.08,Livraria Fnac,30
Futuro Agora: Revolução Digital,Tecnologia,Gustavo Ribeiro,Companhia das Letras,41.68,Livraria Martins Fontes,43
Amor Eterno: Entre Nós,Romance,Lucas Lima,Editora Globo,22.24,Livraria Fnac,435
Futuro Agora: Inteligência Artificial,Tecnologia,Pedro Martins,Editora Sextante,16.08,Livraria Martins Fontes,226
Aventura Radical: Viagem ao Centro da Terra,Aventura,Thiago Fernandes,Companhia das Letras,25.39,Livraria Fnac,17
Amor Eterno: O Último Beijo,Romance,Ana Pereira,Editora Globo,63.61,Livraria Cultura,4
Os Olhos da Noite,Terror,Juliana Rocha,Companhia das Letras,28.96,Livraria Lecos,6
O Mistério de Paris,Suspense,Juliana Rocha,Companhia das Letras,82.15,Livraria da Travessa,353
O Mistério de Moscou,Suspense,Fernanda Costa,Editora Planeta,60.13,Livraria da Travessa,200
Futuro Agora: Inteligência Artificial,Tecnologia,Pedro Martins,Intrínseca,36.5,Livraria Lecos,529
Desperte Seu Poder: Superando Limites,Autoajuda,Fernanda Costa,Editora Sextante,43.71,Livraria Cultura,0
Desperte Seu Poder: Vença o Medo,Autoajuda,Thiago Fernandes,Editora Globo,34.39,Livraria Martins Fontes,36
O Mistério de Nova York,Suspense,Pedro Martins,Editora Sextante,58.37,Livraria Fnac,0
Desperte Seu Poder: Superando Limites,Autoajuda,Beatriz Nunes,Editora Globo,38.49,Livraria Cultura,0
O Horizonte Proibido,Ficção,Carla Dias,Editora Record,24.81,Livraria Martins Fontes,31
Os Olhos da Noite,Terror,Carla Dias,Intrínseca,16.65,Livraria Fnac,181
Revolução Científica: Explorando o Infinito,Ciência,Rafael Gomes,Companhia das Letras,60.17,Livraria da Travessa,0
Vida Incrível: O Legado de uma Lenda,Biografia,Ana Pereira,Intrínseca,98.36,Livraria da Travessa,74
Aventura Radical: Viagem ao Centro da Terra,Aventura,Fernanda Costa,Editora Globo,51.03,Livraria da Travessa,28
A Última Batalha,História,Pedro Martins,Companhia das Letras,78.95,Livraria Martins Fontes,46
O Mistério de Londres,Suspense,Sofia Almeida,Editora Planeta,49.45,Livraria Cultura,866
Aventura Radical: Os Mistérios do Deserto,Aventura,Pedro Martins,Editora Globo,52.52,Livraria Cultura,230
Aventura Radical: Os Mistérios do Deserto,Aventura,Pedro Martins,Editora Planeta,82.73,Livraria Lecos,291
Vida Incrível: Histórias de Superação,Biografia,Juliana Rocha,Editora Globo,35.42,Livraria Fnac,5
Aventura Radical: Em Busca do Tesouro Perdido,Aventura,Sofia Almeida,Intrínseca,13.32,Livraria Martins Fontes,180
Futuro Agora: Conectando o Mundo,Tecnologia,Beatriz Nunes,Companhia das Letras,35.55,Livraria Saraiva,74
O Feitiço da Sombra,Fantasia,Juliana Rocha,Companhia das Letras,6.85,Livraria Fnac,649
Vida Incrível: O Legado de uma Lenda,Biografia,Maria Oliveira,Intrínseca,24.25,Livraria Lecos,690
O Feitiço da Montanha,Fantasia,Fernanda Costa,Editora Rocco,108.0,Livraria da Travessa,0
O Mistério de Paris,Suspense,Thiago Fernandes,Intrínseca,10.84,Livraria Cultura,21
Revolução Científica: O Enigma da Matéria,Ciência,Fernanda Costa,Editora Rocco,19.7,Livraria Martins Fontes,113
Revolução Científica: Mistérios do Universo,Ciência,Gustavo Ribeiro,Editora Sextante,23.24,Livraria Lecos,195
A Última Fronteira,Ficção,João Silva,Intrínseca,9.6,Livraria Cultura,8
Desperte Seu Poder: Vença o Medo,Autoajuda,Beatriz Nunes,Editora Record,51.66,Livraria da Travessa,214
O Feitiço da Sombra,Fantasia,Thiago Fernandes,Intrínseca,21.51,Livraria Martins Fontes,69
Aventuras Mágicas: A Fada e o Dragão,Infantil,Gustavo Ribeiro,Intrínseca,34.71,Livraria Fnac,18
Revolução Científica: Mistérios do Universo,Ciência,Carla Dias,Intrínseca,29.43,Livraria Lecos,6
Aventura Radical: Em Busca do Tesouro Perdido,Aventura,Maria Oliveira,Intrínseca,7.81,Livraria Saraiva,71
Desperte Seu Poder: Vença o Medo,Autoajuda,Beatriz Nunes,Companhia das Letras,20.43,Livraria Cultura,2
Aventura Radical: Os Mistérios do Deserto,Aventura,Beatriz Nunes,Intrínseca,34.3,Livraria Martins Fontes,650
Revolução Científica: O Enigma da Matéria,Ciência,Beatriz Nunes,Editora Rocco,23.54,Livraria Fnac,24
O Feitiço da Montanha,Fantasia,Sofia Almeida,Editora Globo,25.76,Livraria da Travessa,99
Amor Eterno: A Noite das Estrelas,Romance,João Silva,Editora Planeta,25.31,Livraria Cultura,65
Amor Eterno: A Noite das Estrelas,Romance,Maria Oliveira,Editora Planeta,65.8,Livraria da Travessa,32
O Horizonte Proibido,Ficção,Juliana Rocha,Companhia das Letras,72.38,Livraria Cultura,280
Aventura Radical: Os Mistérios do Deserto,Aventura,Gustavo Ribeiro,Editora Planeta,20.98,Livraria Cultura,29
O Horizonte Proibido,Ficção,Rafael Gomes,Companhia das Letras,52.58,Livraria Lecos,0
Vida Incrível: O Legado de uma Lenda,Biografia,Juliana Rocha,Editora Rocco,167.81,Livraria da Travessa,3
O Feitiço da Sombra,Fantasia,Carlos Souza,Editora Sextante,105.92,Livraria da Travessa,226
O Mistério de Nova York,Suspense,Carla Dias,Intrínseca,17.89,Livraria Cultura,5
Futuro Agora: Revolução Digital,Tecnologia,Maria Oliveira,Editora Rocco,20.53,Livraria Fnac,449
Revolução Científica: O Enigma da Matéria,Ciência,Lucas Lima,Editora Record,71.61,Livraria da Travessa,2
A Última Batalha,História,Thiago Fernandes,Intrínseca,33.81,Livraria Cultura,11
Vida Incrível: O Legado de uma Lenda,Biografia,Gustavo Ribeiro,Companhia das Letras,137.26,Livraria Saraiva,112
Revolução Científica: Explorando o Infinito,Ciência,Lucas Lima,Intrínseca,23.82,Livraria Saraiva,205
Vida Incrível: Passos para a Eternidade,Biografia,Gustavo Ribeiro,Intrínseca,52.4,Livraria Lecos,186
Desperte Seu Poder: Vença o Medo,Autoajuda,Gustavo Ribeiro,Editora Sextante,8.22,Livraria Lecos,12
Aventura Radical: Em Busca do Tesouro Perdido,Aventura,Pedro Martins,Intrínseca,46.63,Livraria Saraiva,78
Aventura Radical: Viagem ao Centro da Terra,Aventura,Beatriz Nunes,Intrínseca,23.06,Livraria Saraiva,48
O Mistério de Londres,Suspense,Beatriz Nunes,Editora Record,5.91,Livraria Fnac,106
O Mistério de Londres,Suspense,Pedro Martins,Editora Sextante,33.43,Livraria Saraiva,8
Nos Bastidores da História,História,Pedro Martins,Editora Sextante,65.28,Livraria Cultura,14
Desperte Seu Poder: Superando Limites,Autoajuda,Fernanda Costa,Editora Record,23.11,Livraria Saraiva,141
O Mistério de Moscou,Suspense,Pedro Martins,Editora Planeta,47.39,Livraria Lecos,1
O Feitiço da Lua,Fantasia,Beatriz Nunes,Editora Record,17.79,Livraria Lecos,52
Além do Infinito,Ficção,Ana Pereira,Editora Planeta,26.49,Livraria Fnac,197
Aventuras Mágicas: O Segredo da Floresta Encantada,Infantil,Maria Oliveira,Intrínseca,23.9,Livraria Saraiva,175
Aventura Radical: Viagem ao Centro da Terra,Aventura,Thiago Fernandes,Editora Rocco,18.08,Livraria Lecos,12
O Mistério de Paris,Suspense,Carla Dias,Intrínseca,65.09,Livraria Martins Fontes,13
Futuro Agora: Inteligência Artificial,Tecnologia,João Silva,Editora Rocco,14.81,Livraria Fnac,433
O Mistério de Paris,Suspense,Carlos Souza,Editora Planeta,39.57,Livraria Fnac,6
O Horizonte Proibido,Ficção,Pedro Martins,Editora Sextante,20.93,Livraria Cultura,0
O Mistério de Moscou,Suspense,Sofia Almeida,Intrínseca,26.82,Livraria da Travessa,18
Amor Eterno: O Último Beijo,Romance,Pedro Martins,Intrínseca,64.96,Livraria Fnac,107
Amor Eterno: A Noite das Estrelas,Romance,Maria Oliveira,Editora Planeta,63.33,Livraria Martins Fontes,371
A Casa das Sombras,Terror,Carlos Souza,Intrínseca,42.19,Livraria Lecos,0
O Feitiço da Sombra,Fantasia,Lucas Lima,Companhia das Letras,22.13,Livraria Martins Fontes,4
Revolução Científica: Explorando o Infinito,Ciência,Ana Pereira,Editora Record,63.27,Livraria Saraiva,449
Futuro Agora: Inteligência Artificial,Tecnologia,Rafael Gomes,Editora Planeta,30.92,Livraria Cultura,0
O Mistério de Nova York,Suspense,Beatriz Nunes,Editora Sextante,45.88,Livraria Fnac,66
Revolução Científica: Explorando o Infinito,Ciência,Gustavo Ribeiro,Companhia das Letras,79.62,Livraria Lecos,79
Aventura Radical: Os Mistérios do Deserto,Aventura,Pedro Martins,Companhia das Letras,19.33,Livraria Fnac,1
Aventura Radical: Viagem ao Centro da Terra,Aventura,Sofia Almeida,Editora Rocco,37.03,Livraria Cultura,13
Vida Incrível: O Legado de uma Lenda,Biografia,Maria Oliveira,Editora Sextante,8.44,Livraria da Travessa,0
Futuro Agora: Revolução Digital,Tecnologia,Sofia Almeida,Editora Globo,88.56,Livraria Lecos,602
Aventura Radical: Em Busca do Tesouro Perdido,Aventura,Fernanda Costa,Companhia das Letras,29.32,Livraria Martins Fontes,37
O Mistério de Paris,Suspense,Thiago Fernandes,Intrínseca,8.82,Livraria Saraiva,3
O Feitiço da Sombra,Fantasia,Maria Oliveira,Companhia das Letras,84.14,Livraria Saraiva,11
Revolução Científica: O Enigma da Matéria,Ciência,Pedro Martins,Intrínseca,21.4,Livraria Martins Fontes,6
Vida Incrível: Passos para a Eternidade,Biografia,Carlos Souza,Intrínseca,28.74,Livraria Lecos,382
Nos Bastidores da História,História,Lucas Lima,Companhia das Letras,17.03,Livraria Fnac,293
Os Guerreiros do Passado,História,Beatriz Nunes,Editora Sextante,30.75,Livraria Saraiva,33
Vida Incrível: Histórias de Superação,Biografia,Carla Dias,Editora Rocco,17.95,Livraria da Travessa,89
O Feitiço da Sombra,Fantasia,Beatriz Nunes,Intrínseca,72.07,Livraria Lecos,151
A Última Batalha,História,Carlos Souza,Companhia das Letras,114.48,Livraria da Travessa,396
Além do Infinito,Ficção,Ana Pereira,Editora Planeta,85.43,Livraria Fnac,375
Vida Incrível: O Legado de uma Lenda,Biografia,João Silva,Editora Globo,17.58,Livraria Saraiva,0
Aventuras Mágicas: A Fada e o Dragão,Infantil,Beatriz Nunes,Editora Record,16.85,Livraria Saraiva,104
Vida Incrível: Histórias de Superação,Biografia,Ana Pereira,Editora Sextante,85.19,Livraria da Travessa,0
Futuro Agora: Inteligência Artificial,Tecnologia,Pedro Martins,Intrínseca,31.19,Livraria Cultura,0
Desperte Seu Poder: Caminhos para a Felicidade,Autoajuda,Thiago Fernandes,Editora Record,46.17,Livraria Lecos,470
Aventura Radical: Viagem ao Centro da Terra,Aventura,Thiago Fernandes,Editora Planeta,32.17,Livraria Fnac,45
Aventura Radical: Em Busca do Tesouro Perdido,Aventura,Beatriz Nunes,Editora Rocco,39.41,Livraria da Travessa,67
A Última Fronteira,Ficção,João Silva,Editora Rocco,62.12,Livraria Fnac,0
Aventuras Mágicas: O Reino do Arco-Íris,Infantil,Gustavo Ribeiro,Intrínseca,26.99,Livraria da Travessa,152
Nos Bastidores da História,História,João Silva,Editora Sextante,47.86,Livraria Lecos,35
Vida Incrível: O Legado de uma Lenda,Biografia,Carlos Souza,Editora Rocco,14.75,Livraria Cultura,222
Revolução Científica: Explorando o Infinito,Ciência,Fernanda Costa,Editora Rocco,20.14,Livraria Saraiva,3
Aventuras Mágicas: O Segredo da Floresta Encantada,Infantil,Sofia Almeida,Editora Globo,10.39,Livraria Martins Fontes,428
A Última Fronteira,Ficção,Sofia Almeida,Editora Sextante,37.04,Livraria Fnac,46
Nos Bastidores da História,História,Thiago Fernandes,Intrínseca,52.08,Livraria da Travessa,17
Além do Infinito,Ficção,Gustavo Ribeiro,Editora Globo,28.44,Livraria Fnac,86
A Última Batalha,História,Pedro Martins,Editora Rocco,26.48,Livraria Saraiva,4
Aventura Radical: Viagem ao Centro da Terra,Aventura,Pedro Martins,Editora Sextante,83.33,Livraria Lecos,0
O Mistério de Nova York,Suspense,Carlos Souza,Editora Record,32.77,Livraria Saraiva,8
O Feitiço da Chama,Fantasia,Carlos Souza,Editora Planeta,25.04,Livraria Martins Fontes,8
Os Guerreiros do Passado,História,Juliana Rocha,Editora Rocco,23.8,Livraria Saraiva,52
Vida Incrível: O Legado de uma Lenda,Biografia,Thiago Fernandes,Editora Rocco,31.64,Livraria Saraiva,182
Revolução Científica: Mistérios do Universo,Ciência,Pedro Martins,Editora Globo,25.62,Livraria Saraiva,280
Amor Eterno: O Último Beijo,Romance,Carla Dias,Companhia das Letras,24.54,Livraria Lecos,0
Nos Bastidores da História,História,Juliana Rocha,Editora Globo,16.82,Livraria Martins Fontes,68
O Feitiço da Montanha,Fantasia,Ana Pereira,Editora Planeta,11.05,Livraria Saraiva,8
Vida Incrível: O Legado de uma Lenda,Biografia,Rafael Gomes,Editora Globo,56.56,Livraria Fnac,81
O Horizonte Proibido,Ficção,Maria Oliveira,Companhia das Letras,29.87,Livraria da Travessa,2
Revolução Científica: O Enigma da Matéria,Ciência,Carlos Souza,Intrínseca,121.46,Livraria Lecos,358
Aventuras Mágicas: O Segredo da Floresta Encantada,Infantil,Lucas Lima,Intrínseca,55.47,Livraria Saraiva,80
Os Guerreiros do Passado,História,Gustavo Ribeiro,Editora Planeta,56.38,Livraria Martins Fontes,79
Aventura Radical: Viagem ao Centro da Terra,Aventura,Thiago Fernandes,Editora Record,29.88,Livraria Lecos,6
O Mistério de Nova York,Suspense,Ana Pereira,Editora Rocco,32.45,Livraria Cultura,392
A Casa das Sombras,Terror,Gustavo Ribeiro,Intrínseca,26.75,Livraria Fnac,33
Os Guerreiros do Passado,História,Beatriz Nunes,Companhia das Letras,33.06,Livraria Fnac,0
Aventura Radical: Viagem ao Centro da Terra,Aventura,Carlos Souza,Intrínseca,16.49,Livraria Cultura,52
Aventura Radical: Os Mistérios do Deserto,Aventura,Beatriz Nunes,Editora Rocco,58.18,Livraria Fnac,29
Aventura Radical: Viagem ao Centro da Terra,Aventura,Rafael Gomes,Companhia das Letras,15.96,Livraria Saraiva,0
O Mistério de Paris,Suspense,João Silva,Editora Sextante,30.77,Livraria Lecos,2
Os Guerreiros do Passado,História,Fernanda Costa,Companhia das Letras,44.62,Livraria Martins Fontes,150
Futuro Agora: Inteligência Artificial,Tecnologia,João Silva,Intrínseca,370.42,Livraria Cultura,32
O Feitiço da Sombra,Fantasia,Beatriz Nunes,Editora Rocco,31.58,Livraria Martins Fontes,80
Aventuras Mágicas: O Segredo da Floresta Encantada,Infantil,Sofia Almeida,Editora Planeta,42.84,Livraria Lecos,0
O Feitiço da Estrela,Fantasia,Lucas Lima,Companhia das Letras,18.07,Livraria Saraiva,30
Vida Incrível: O Legado de uma Lenda,Biografia,Carlos Souza,Editora Record,13.97,Livraria Lecos,42
